Day_of_week,Age_band_of_driver,Sex_of_driver,Educational_level,Driving_experience,Type_of_vehicle,Owner_of_vehicle,Service_year_of_vehicle,Area_accident_occured,Lanes_or_Medians,Road_allignment,Types_of_Junction,Road_surface_type,Road_surface_conditions,Light_conditions,Weather_conditions,Type_of_collision,Number_of_vehicles_involved,Number_of_casualties,Vehicle_movement,Casualty_class,Sex_of_casualty,Age_band_of_casualty,Casualty_severity,Pedestrian_movement,Cause_of_accident,Hour,Minute
6,2,1,4,3,11,3,2,7,4,5,0,0,3,0,4,8,1,1,2,1,1,0,2,5,0,21,3
2,4,0,4,1,8,3,2,7,4,5,3,0,0,3,2,8,2,0,4,3,2,5,3,5,0,14,4
0,2,1,4,2,0,3,2,6,4,5,1,0,3,0,4,8,1,0,2,3,2,5,3,5,7,17,9
2,1,1,1,3,4,0,5,12,4,5,7,0,0,0,2,8,1,0,2,1,0,1,2,5,9,20,1
4,1,1,4,2,5,3,5,2,4,5,7,0,3,0,2,8,1,0,2,3,2,5,3,5,12,19,6
6,2,1,4,1,5,3,5,7,4,5,1,0,0,3,2,8,0,0,2,3,2,5,3,5,0,8,3
1,0,0,4,2,10,3,5,6,4,5,7,0,0,3,2,8,2,0,2,0,1,0,2,5,10,12,11
6,1,1,4,2,10,3,5,6,6,5,0,0,0,3,2,8,1,0,2,3,2,5,3,5,13,11,4
6,1,1,4,1,5,3,5,7,4,5,1,0,0,3,2,1,1,0,9,1,1,3,2,5,10,10,5
2,1,1,4,2,0,3,5,7,4,5,7,0,3,3,2,8,2,2,2,1,0,0,2,5,0,13,0
2,1,1,0,0,7,3,5,7,0,5,7,0,3,0,2,8,1,0,3,3,2,5,3,5,13,6,9
3,1,1,4,2,0,3,1,7,4,5,7,0,0,0,2,8,1,0,9,3,2,5,3,5,0,20,8
1,0,1,4,1,0,3,1,7,2,5,7,0,0,3,2,8,1,0,4,0,0,3,2,5,7,16,10
5,4,1,4,1,8,3,1,7,2,5,1,3,0,3,2,8,1,0,2,2,0,1,2,5,17,9,4
6,0,1,4,5,3,3,5,6,2,5,0,0,3,1,2,6,1,0,2,3,2,5,3,5,1,17,9
2,1,1,1,4,7,0,2,7,4,5,0,0,0,3,2,6,1,0,2,0,1,0,2,5,0,8,5
0,2,1,2,3,2,3,5,4,4,5,1,0,3,0,2,8,1,1,2,3,2,5,3,5,10,16,11
6,1,1,1,3,0,3,5,7,4,5,7,0,0,3,2,8,2,0,1,2,1,0,2,6,13,10,1
0,0,1,2,3,14,0,5,7,0,5,0,0,3,3,4,1,0,1,2,0,1,0,2,5,3,6,1
0,0,1,4,2,11,3,5,7,4,5,7,0,0,3,2,8,0,0,3,2,0,2,2,1,9,15,0
2,0,1,1,0,0,3,5,6,4,5,1,0,0,3,2,1,1,0,2,2,1,2,1,5,11,16,7
6,2,1,4,3,3,3,2,2,4,5,2,0,0,3,2,2,1,1,2,0,1,0,1,5,13,13,7
4,0,1,2,1,0,3,5,7,4,5,7,0,0,3,2,2,1,0,2,0,1,1,1,5,1,16,8
2,1,1,4,3,3,3,5,6,4,5,7,0,0,3,2,8,1,1,2,0,1,1,2,5,3,14,9
6,3,0,4,1,0,3,3,9,6,5,1,0,0,3,2,2,2,0,3,0,0,0,2,5,9,7,4
2,3,1,4,4,0,3,5,6,6,5,7,0,3,0,4,8,1,0,9,0,1,1,2,5,3,16,6
6,1,1,4,2,0,3,5,6,4,5,3,0,0,3,7,8,1,0,3,3,2,5,3,5,0,18,6
6,1,1,1,1,0,0,1,7,2,5,1,0,3,0,4,2,1,0,2,0,1,0,2,5,3,18,6
3,2,1,4,1,4,3,1,6,4,7,1,0,0,3,2,8,1,0,7,3,2,5,3,5,5,9,2
5,1,1,4,2,7,3,0,7,6,3,7,0,3,0,4,1,1,0,3,3,2,5,3,5,13,20,8
1,1,1,4,3,10,3,5,7,2,5,7,0,3,0,4,8,1,0,3,0,1,0,2,5,3,22,10
6,1,1,4,0,11,3,5,6,1,5,1,0,0,3,2,8,1,0,2,3,2,5,3,5,0,8,4
1,2,1,2,3,0,0,5,7,1,5,7,0,3,3,4,8,0,0,2,1,0,4,2,5,11,9,9
4,1,1,4,4,4,3,1,7,6,5,7,0,3,0,0,2,1,0,4,3,2,5,3,5,10,17,8
3,1,2,1,1,5,3,1,7,6,5,5,0,0,3,2,8,1,2,2,0,1,4,2,5,9,12,8
3,4,1,4,3,11,3,3,9,6,5,0,0,0,0,2,8,1,0,2,1,1,1,2,5,5,3,2
3,4,0,4,3,9,0,2,7,4,5,7,0,3,3,4,8,1,0,9,1,0,4,2,5,10,18,6
1,0,1,4,2,0,3,3,7,2,5,1,0,3,0,4,8,1,0,2,3,2,5,3,5,3,18,4
3,0,1,6,4,5,3,5,6,6,7,7,0,0,3,2,8,0,0,2,0,1,1,1,5,3,22,6
4,1,1,4,3,9,3,5,6,4,5,5,0,0,3,2,8,1,0,2,0,0,4,2,5,11,16,8
6,1,1,4,4,0,3,1,6,1,3,7,0,0,3,2,8,1,1,3,3,2,5,3,5,0,15,6
6,0,1,4,2,7,3,3,7,2,5,0,0,0,3,2,8,2,0,8,0,1,0,2,5,0,19,6
2,1,1,4,2,15,3,5,7,2,5,7,0,0,3,2,8,1,0,2,0,0,1,2,5,10,12,9
4,1,0,4,3,4,3,5,2,4,5,1,0,0,3,2,8,2,1,5,3,2,5,3,5,12,17,10
6,0,1,0,0,0,3,5,4,2,5,0,0,0,3,2,2,1,1,2,3,2,5,3,5,1,20,6
0,0,1,4,2,0,3,5,7,6,5,1,0,0,3,2,2,2,0,2,3,2,5,3,5,9,8,8
5,4,0,4,2,15,3,5,5,4,7,0,0,0,3,2,8,4,0,2,3,2,5,3,5,3,9,5
1,3,1,4,0,3,3,5,6,2,5,7,0,3,3,4,2,1,0,2,0,1,0,2,5,10,16,10
3,1,1,4,1,5,0,5,9,0,5,7,0,0,0,2,8,1,0,2,0,1,0,2,5,11,19,1
1,0,1,4,1,9,3,0,7,6,5,7,0,0,0,2,2,1,1,2,0,1,1,1,5,1,11,10
1,0,1,1,2,0,3,5,7,2,5,7,0,3,3,4,8,1,0,2,3,2,5,3,5,9,12,11
5,1,1,4,0,8,3,5,7,2,5,1,0,0,0,2,8,0,0,4,2,0,0,2,5,1,23,0
2,2,1,1,2,5,3,1,7,4,5,0,0,3,0,4,1,1,2,2,3,2,5,3,5,16,3,0
5,3,1,1,1,0,3,5,9,1,5,4,0,0,0,2,1,1,4,2,2,0,3,2,5,12,18,0
6,0,1,4,4,0,3,5,1,2,5,4,0,0,3,2,8,1,1,2,2,1,1,2,6,9,13,5
1,1,1,4,2,0,3,5,2,4,5,0,0,0,3,2,8,0,0,2,3,2,5,3,5,0,10,7
1,3,1,4,2,5,3,0,4,6,5,3,0,0,3,2,8,1,5,2,2,0,0,1,1,3,16,11
5,3,1,1,4,8,3,0,12,4,5,1,2,0,3,2,8,1,0,1,0,1,1,2,5,9,16,1
4,0,1,4,0,5,3,5,7,6,5,3,0,0,3,2,8,1,0,2,2,1,3,2,1,12,7,4
5,0,1,4,0,8,3,2,7,4,5,1,0,0,3,2,8,1,0,3,0,0,1,2,5,10,18,2
0,4,1,4,2,0,3,5,6,2,5,5,0,0,3,2,3,0,0,2,0,0,0,2,5,3,18,3
5,4,0,4,3,7,3,5,4,4,6,5,0,0,3,2,8,2,0,3,3,2,5,3,5,0,7,4
5,0,1,4,0,9,3,5,9,4,5,1,0,0,0,2,8,0,1,2,3,2,5,3,5,3,22,5
4,1,1,4,3,0,3,5,7,2,5,7,0,0,3,2,8,1,0,2,0,1,1,2,5,0,19,5
3,0,1,4,4,5,3,3,9,0,5,7,0,0,0,2,0,1,0,2,2,0,0,2,5,12,21,9
3,0,1,4,2,0,3,4,2,6,5,7,0,0,3,2,2,1,1,4,0,1,1,2,5,5,6,3
6,4,1,1,1,0,3,5,7,2,5,2,0,0,3,2,8,0,0,2,3,2,5,3,5,1,12,11
6,0,1,2,3,15,3,0,6,4,0,1,0,3,0,2,8,1,0,2,2,0,0,2,2,11,19,8
1,0,1,4,2,11,3,5,9,4,5,1,0,0,3,2,8,1,0,2,0,1,1,2,5,11,6,11
1,3,1,4,1,3,3,2,6,2,6,1,0,0,3,2,8,1,0,1,0,0,0,2,5,12,16,0
2,2,1,2,4,9,3,5,6,0,1,7,0,0,3,2,8,1,0,4,3,2,5,3,5,1,11,6
6,4,1,4,2,14,3,5,6,2,5,1,0,0,3,2,8,1,0,2,3,2,5,3,5,12,16,3
0,4,1,4,1,0,3,5,1,6,5,7,0,0,3,2,1,0,0,3,2,1,3,2,5,10,9,6
4,0,1,1,1,5,3,5,7,4,5,1,0,3,3,2,8,1,0,2,0,1,0,2,5,3,12,0
4,2,1,4,1,14,3,1,7,4,5,1,0,0,3,2,8,1,0,2,3,2,5,3,5,1,11,4
2,4,1,4,2,0,3,0,12,2,5,1,0,0,3,2,8,2,1,2,0,1,0,2,5,10,14,4
6,3,1,1,2,8,3,1,7,2,5,7,0,0,3,2,1,1,0,7,0,1,0,2,5,9,18,8
1,2,1,5,3,7,0,5,6,2,5,1,0,0,3,2,6,0,0,2,2,1,1,2,1,0,17,0
5,0,0,1,0,0,3,5,12,0,5,7,0,3,3,4,8,1,1,3,1,0,2,2,5,12,11,6
6,3,1,1,1,0,3,2,2,2,5,7,0,0,0,2,8,0,0,2,3,2,5,3,5,0,18,8
0,2,1,2,1,0,3,2,2,4,5,3,0,0,3,2,8,1,0,7,3,2,5,3,5,13,6,6
5,1,1,0,0,0,3,3,9,2,5,7,0,0,3,2,3,1,0,2,0,0,3,2,5,10,11,2
1,0,1,1,2,0,3,5,6,0,5,7,0,0,3,2,8,1,0,2,3,2,5,3,5,10,3,11
6,4,0,2,4,7,3,2,7,2,5,1,0,0,0,2,2,1,0,2,2,1,0,2,3,0,0,6
2,2,1,1,1,4,3,3,9,2,5,7,0,0,3,2,8,1,0,2,0,1,1,2,5,0,13,6
3,0,1,2,4,8,3,2,7,1,5,7,0,0,3,2,1,1,0,2,3,2,5,3,5,12,16,4
0,1,1,4,2,11,0,4,9,6,3,7,0,0,3,2,8,1,0,2,3,2,5,3,5,16,12,10
6,2,1,4,2,0,3,5,7,4,5,1,0,3,0,3,8,1,0,2,1,0,4,2,5,11,7,6
6,0,1,4,2,3,3,3,6,2,5,7,0,2,3,6,2,2,1,3,0,0,0,2,5,16,17,8
4,3,1,2,1,0,1,3,7,2,5,7,0,0,3,2,8,1,1,4,3,2,5,3,5,0,8,8
4,0,1,4,3,14,3,5,6,2,6,1,0,0,3,2,8,3,4,2,3,2,5,3,5,0,18,0
3,1,1,4,2,0,3,5,12,6,3,1,0,0,0,2,8,2,0,2,1,0,0,2,5,9,19,9
0,2,1,4,0,5,3,2,9,4,5,7,0,0,3,2,2,1,0,2,1,1,1,2,5,2,13,4
1,3,1,4,1,15,0,1,7,6,5,7,0,0,3,2,8,1,2,2,2,0,3,2,3,4,6,10
3,0,2,4,1,5,3,5,9,4,5,1,0,0,0,2,2,0,1,2,1,0,4,2,5,6,0,10
1,4,1,4,4,14,3,5,7,2,5,7,0,0,3,2,8,1,5,11,0,1,3,2,5,16,10,6
5,1,1,4,2,3,3,5,2,6,5,7,0,0,3,2,8,1,0,2,1,1,4,2,5,16,15,1
2,3,1,4,2,0,3,5,2,4,5,7,0,0,3,2,8,1,0,3,2,0,1,2,5,5,19,2
5,2,1,0,1,9,3,5,9,2,5,7,0,0,3,2,2,1,0,7,3,2,5,3,5,1,16,6
5,1,1,4,2,11,3,3,9,2,5,7,0,0,0,2,8,2,0,7,0,1,1,2,5,1,18,0
2,4,0,4,4,14,3,5,1,4,5,7,0,0,3,2,2,1,0,5,2,0,0,0,6,11,7,0
6,1,1,4,4,9,3,0,6,4,6,7,0,0,3,2,8,1,0,2,0,0,0,2,5,0,12,11
6,1,1,4,2,9,3,1,7,2,5,7,0,3,3,4,2,1,1,2,0,0,0,2,5,16,8,9
0,2,1,4,3,11,3,1,7,2,5,0,0,0,0,2,8,1,0,2,0,1,0,2,5,3,0,7
2,1,1,4,1,10,0,4,9,4,5,1,0,3,0,8,8,0,0,2,0,1,0,1,5,0,22,7
2,1,1,1,4,0,3,5,7,2,5,7,0,0,3,2,2,2,1,3,1,0,1,2,5,10,15,4
4,4,1,4,2,11,3,5,1,2,5,0,0,0,3,2,8,3,0,2,0,1,0,1,5,3,11,2
6,1,1,4,3,3,3,2,9,4,5,1,0,0,3,2,8,0,1,2,3,2,5,3,5,9,14,5
5,2,1,2,2,3,3,5,7,2,5,1,3,0,3,2,8,1,0,2,3,2,5,3,5,9,12,5
6,0,1,6,1,5,3,0,7,6,3,7,0,0,3,2,6,2,0,3,0,0,4,2,5,10,8,6
2,4,2,4,1,0,0,5,9,6,5,7,0,0,3,2,8,1,0,2,3,2,5,3,5,10,18,6
2,0,1,2,2,5,3,0,4,0,5,0,0,3,0,2,8,1,0,3,3,2,5,3,5,12,5,0
6,1,1,4,0,5,3,0,6,0,5,0,0,3,0,2,2,1,0,2,0,1,0,1,5,17,18,10
6,0,1,4,2,14,3,5,7,2,5,7,0,0,3,2,2,1,0,4,3,2,5,3,5,0,7,2
0,1,1,1,4,5,3,5,7,2,5,7,4,0,3,2,8,1,0,2,0,1,3,2,5,0,19,7
5,0,1,1,2,5,3,5,12,6,3,1,0,0,3,2,8,1,0,2,3,2,5,3,5,11,10,0
3,1,2,4,0,8,3,5,4,2,5,0,0,3,3,2,1,2,3,7,2,1,1,2,6,0,11,2
3,4,1,1,2,7,3,5,7,2,5,1,0,0,3,2,2,3,0,2,3,2,5,3,5,0,11,9
5,0,1,6,2,0,3,0,12,4,5,1,0,3,0,2,8,1,0,3,3,2,5,3,5,9,22,2
2,1,1,1,3,5,3,3,9,2,5,4,0,0,3,2,8,1,0,2,3,2,5,3,5,17,15,8
6,0,1,4,1,14,3,1,9,4,5,7,3,0,3,7,8,1,0,7,0,0,1,1,5,3,18,4
5,0,1,4,4,0,0,5,2,0,5,7,0,0,3,2,8,1,1,1,1,1,4,2,5,3,9,2
0,1,1,4,0,15,3,1,6,4,5,1,2,3,3,2,1,1,1,2,0,1,1,2,5,3,7,10
0,2,1,4,4,9,3,5,6,4,5,1,0,0,3,2,0,1,0,2,2,0,0,2,5,10,8,10
1,0,1,4,4,14,3,5,7,2,5,0,0,0,3,2,6,1,0,2,3,2,5,3,5,1,18,4
6,1,1,4,2,0,3,5,12,2,5,7,0,0,3,2,8,1,0,2,1,0,1,2,5,10,7,6
4,0,1,4,2,0,3,3,4,2,5,3,0,0,0,2,8,2,0,2,3,2,5,3,5,11,22,5
4,1,1,0,1,5,3,5,9,2,5,3,0,3,0,4,8,0,0,2,3,2,5,3,5,13,2,1
6,1,1,1,0,5,3,5,7,4,5,0,0,0,3,2,8,1,0,2,3,2,5,3,5,3,17,7
1,1,1,1,2,5,3,5,6,2,6,7,0,3,0,2,1,0,0,2,3,2,5,3,5,10,15,7
5,0,1,1,2,0,3,5,7,2,5,1,0,0,0,2,8,1,0,2,3,2,5,3,5,1,18,5
4,0,1,4,0,0,0,5,7,2,5,7,0,3,0,4,2,1,4,2,2,0,4,2,5,0,20,8
6,0,1,1,2,9,3,0,9,4,5,5,0,0,0,2,8,1,0,0,0,1,1,2,5,10,19,10
2,1,1,4,2,11,3,5,1,1,5,1,0,0,3,3,8,1,0,3,3,2,5,3,5,12,15,0
4,0,1,4,1,0,3,5,6,2,5,7,0,0,3,2,2,1,0,2,3,2,5,3,5,12,10,7
0,2,0,4,1,0,3,3,0,6,3,7,0,0,0,2,8,1,2,2,0,1,0,2,5,11,15,6
0,0,1,4,2,0,3,3,4,2,5,7,0,0,0,2,8,1,1,0,0,0,0,2,5,12,21,9
3,0,1,4,2,4,3,1,2,4,5,1,0,0,0,2,8,1,0,8,0,1,0,2,5,0,1,7
6,1,1,4,3,0,3,2,4,4,5,1,0,0,3,2,8,2,2,2,0,1,1,2,5,1,10,8
4,0,1,1,4,9,3,5,6,6,5,7,0,0,0,2,8,1,0,2,3,2,5,3,5,10,17,1
6,0,1,4,3,10,3,5,7,4,5,0,0,0,3,2,8,1,0,2,3,2,5,3,5,12,8,4
3,3,1,4,4,5,3,3,2,6,5,7,0,3,0,2,8,1,2,0,0,1,1,2,5,13,20,6
1,0,1,4,4,0,3,1,6,4,5,7,0,0,3,2,8,1,1,2,3,2,5,3,5,10,7,11
2,0,1,4,4,15,3,5,5,6,5,1,0,3,0,3,8,1,0,3,3,2,5,3,5,10,4,0
4,0,1,4,2,11,3,5,9,4,5,1,2,0,3,2,8,1,0,2,3,2,5,3,5,3,13,0
0,3,1,4,0,0,3,0,12,6,3,3,0,0,3,2,2,1,1,2,3,2,5,3,5,1,16,1
3,1,1,4,4,8,3,3,6,4,5,7,0,0,3,2,8,1,0,3,3,2,5,3,5,10,0,5
0,0,1,4,3,0,3,2,7,4,5,7,0,3,0,2,8,3,3,2,0,1,0,2,5,0,19,10
4,2,1,4,2,7,0,3,12,2,5,7,0,2,0,3,8,1,2,2,3,2,5,3,5,1,17,10
6,4,0,4,3,0,3,5,7,2,5,7,0,0,3,2,1,1,1,2,0,1,0,2,5,0,16,8
2,0,1,4,2,14,0,2,7,6,5,0,0,0,0,2,8,1,2,2,0,1,0,2,5,0,1,3
6,1,1,1,0,5,3,1,2,6,5,7,0,0,0,2,8,2,0,2,3,2,5,3,5,12,21,9
5,0,1,4,2,5,3,5,7,2,5,7,0,0,3,2,8,1,0,2,0,1,0,2,5,1,8,10
3,1,1,4,3,7,3,5,2,1,5,0,0,0,3,2,8,1,0,2,3,2,5,3,5,8,18,6
1,1,1,4,2,0,0,0,7,4,5,0,0,0,0,2,8,1,1,7,0,1,0,1,5,12,23,6
6,1,1,4,0,5,3,5,9,2,3,1,0,3,3,4,2,2,0,2,0,0,1,2,5,11,10,1
1,0,1,1,1,1,3,2,12,6,5,1,0,0,3,2,8,2,1,2,3,2,5,3,5,0,17,1
4,1,1,1,2,11,3,1,7,2,5,1,0,0,3,2,8,1,4,8,0,0,0,1,5,0,15,6
1,2,1,1,0,0,3,5,7,2,5,7,0,0,3,2,8,1,1,1,3,2,5,3,5,1,14,10
1,2,1,4,1,3,3,2,7,1,5,1,0,0,3,2,8,2,0,11,3,2,5,3,5,5,16,7
2,1,1,6,2,0,3,1,6,2,7,7,0,0,3,2,8,1,0,2,0,1,3,2,5,3,13,8
1,1,1,4,1,5,3,5,2,4,5,3,0,0,3,2,8,1,0,3,2,0,0,2,5,17,10,6
0,1,1,4,4,7,3,5,6,4,5,0,0,0,3,2,8,1,5,2,0,1,1,1,5,11,17,0
5,0,1,4,2,0,3,2,7,2,5,0,0,3,0,4,8,1,1,9,2,0,3,2,0,9,18,4
1,1,1,4,1,5,3,1,2,4,5,7,0,3,3,2,8,1,1,3,3,2,5,3,5,3,14,2
1,4,0,4,4,7,3,5,7,1,5,7,0,3,3,5,8,0,0,2,0,1,1,2,5,12,8,5
4,0,1,1,2,3,3,4,9,2,5,7,0,3,3,4,8,1,0,2,3,2,5,3,5,10,10,7
0,1,1,4,2,9,3,3,2,6,5,7,0,0,3,2,8,0,3,2,2,0,1,2,0,0,15,6
5,3,1,1,2,10,3,2,7,4,5,1,0,0,3,2,8,1,0,9,3,2,5,3,5,12,10,0
5,4,1,4,1,0,3,1,6,2,5,1,0,0,3,2,8,1,0,2,3,2,5,3,5,10,15,4
6,0,1,1,1,4,3,1,7,2,0,7,0,0,3,2,8,1,0,4,0,1,1,2,5,9,10,6
2,1,1,4,2,5,3,3,2,2,6,1,0,0,3,2,2,1,0,4,0,1,3,2,5,1,9,11
4,0,1,4,3,0,3,4,3,4,5,1,0,3,2,4,8,1,0,2,0,1,4,2,5,5,7,9
1,4,0,4,0,5,3,5,7,4,5,7,0,3,3,4,8,1,0,2,3,2,5,3,5,7,18,0
5,1,1,4,4,7,0,5,9,0,5,7,0,0,3,2,8,1,0,0,3,2,5,3,5,0,7,9
4,1,1,4,2,0,3,5,7,2,5,0,0,0,2,0,8,1,0,2,3,2,5,3,5,11,22,5
5,2,1,2,1,9,3,5,6,4,5,0,0,0,3,2,2,0,0,2,0,1,1,2,5,10,15,9
6,0,1,1,2,9,3,0,7,6,5,7,0,3,0,0,8,1,0,2,0,1,4,2,5,9,20,2
3,0,1,4,2,8,3,5,6,1,5,3,0,0,3,2,8,1,0,2,2,0,0,1,6,9,17,6
6,4,1,4,0,9,3,3,9,6,5,1,0,0,3,2,8,2,0,7,2,0,1,2,1,9,18,6
2,0,1,2,1,5,3,2,6,0,5,1,0,0,3,2,8,1,0,2,0,0,1,2,5,12,8,5
3,0,1,4,3,0,0,5,12,4,5,7,0,3,0,4,2,1,0,2,3,2,5,3,5,8,11,2
0,0,1,4,3,7,3,5,7,6,5,7,0,3,0,4,8,1,2,2,3,2,5,3,5,4,22,1
1,1,1,4,3,0,3,1,2,4,5,1,0,0,3,2,2,1,0,2,1,0,1,2,5,19,18,5
5,4,1,1,2,10,3,3,12,6,5,1,0,0,3,2,1,1,4,2,3,2,5,3,5,11,19,0
3,4,0,4,2,5,1,3,3,2,5,7,0,0,0,2,8,1,0,2,1,0,0,2,5,0,20,4
4,1,1,2,0,0,3,1,7,2,5,1,0,3,3,2,8,1,0,2,0,1,1,1,5,1,16,8
6,1,1,4,4,8,0,0,7,0,5,0,0,0,3,2,2,0,0,2,1,1,0,2,5,16,9,10
4,1,1,1,1,7,3,5,6,2,5,1,0,3,3,4,8,1,1,4,3,2,5,3,5,11,15,8
3,0,1,0,2,0,3,3,7,1,5,0,0,0,0,2,1,1,0,2,0,1,1,2,5,9,6,0
1,1,1,4,1,4,0,5,7,0,5,0,0,0,3,2,8,3,0,3,0,1,1,2,5,10,13,5
1,0,1,4,3,11,3,1,1,4,5,7,0,0,3,2,2,2,2,3,0,1,0,2,5,0,11,10
1,1,1,4,3,10,3,5,7,2,5,7,0,3,3,2,5,2,3,2,3,2,5,3,5,12,15,8
6,1,1,4,4,14,3,5,7,4,5,1,2,0,3,2,1,0,0,3,0,1,0,2,5,12,16,11
1,4,1,1,0,0,3,5,7,2,5,7,3,0,3,2,8,1,0,2,3,2,5,3,5,3,18,0
5,1,1,4,4,11,3,1,9,2,1,1,0,0,3,2,8,2,0,1,1,0,4,2,5,14,18,3
5,0,1,4,1,0,3,5,2,4,5,7,3,0,3,2,2,1,0,2,3,2,5,3,5,12,15,2
4,2,1,4,4,7,3,5,6,4,5,7,0,0,3,2,8,1,0,2,3,2,5,3,5,1,16,2
5,2,1,4,1,10,3,5,12,0,5,7,0,0,3,2,8,1,0,2,1,0,1,2,5,0,11,3
2,1,1,4,3,14,3,3,6,6,5,0,0,0,0,2,8,0,0,2,1,0,1,2,5,5,20,8
2,1,2,4,1,8,3,5,6,0,5,7,0,2,3,6,8,2,1,2,1,0,0,2,5,3,11,9
1,0,1,4,2,0,3,5,4,2,5,1,0,3,3,4,8,2,0,4,3,2,5,3,5,11,18,2
2,1,1,4,2,0,3,1,7,4,5,1,0,0,3,2,8,1,1,2,1,0,4,2,5,10,10,7
6,1,1,4,1,0,3,5,6,2,5,7,0,0,3,2,2,0,0,2,0,1,0,2,5,16,22,2
5,1,1,4,1,14,3,0,1,2,5,1,0,0,3,2,8,1,1,2,3,2,5,3,5,9,20,6
3,0,1,4,0,5,3,2,7,4,5,7,0,3,3,2,4,1,0,2,1,1,1,2,5,3,14,9
1,4,1,4,2,7,3,5,7,2,5,2,0,3,3,4,3,1,0,2,0,1,0,2,5,16,8,10
1,1,1,4,2,9,3,3,7,6,5,7,0,3,3,4,8,1,4,2,0,0,1,2,5,10,8,1
6,1,1,2,1,8,3,2,2,4,5,1,0,0,3,2,8,1,0,2,3,2,5,3,5,1,7,1
4,3,1,4,4,0,3,5,7,1,5,0,0,0,3,2,2,1,0,2,1,0,3,2,5,1,16,0
1,4,1,2,0,5,3,0,9,2,5,0,0,0,3,2,8,1,0,2,0,0,0,2,5,3,13,4
0,4,1,4,3,5,3,5,6,2,5,1,0,0,3,2,8,1,0,2,0,1,1,2,5,10,17,8
6,0,1,4,2,15,3,3,2,6,5,0,0,3,3,2,8,1,0,2,0,1,1,2,5,9,8,3
3,3,1,4,3,5,3,5,7,6,5,7,0,0,3,2,8,1,0,2,1,1,2,2,5,12,9,3
4,3,1,3,6,8,3,5,9,4,5,7,0,0,0,2,8,1,0,2,0,0,2,2,5,11,17,0
2,2,1,2,3,9,3,5,2,4,5,1,0,3,0,4,8,1,0,2,0,1,1,2,5,1,19,2
3,2,1,4,2,0,3,5,1,1,5,0,0,0,0,2,2,1,0,3,0,1,1,2,5,16,23,6
5,0,1,1,2,0,3,5,6,1,5,7,0,2,3,6,2,2,1,2,0,1,3,2,5,1,18,7
0,1,1,4,1,5,3,5,6,1,5,7,0,0,0,2,8,1,1,2,0,1,1,2,5,16,20,7
3,0,1,4,3,6,3,5,7,2,5,1,0,0,3,2,8,1,2,3,3,2,5,3,5,1,11,2
5,0,1,4,0,10,3,5,6,4,5,0,0,0,3,2,8,2,0,2,0,1,0,2,5,0,13,0
0,4,1,1,0,10,3,5,7,0,5,1,0,0,3,2,8,1,0,3,1,1,1,2,5,1,6,4
0,1,1,4,2,0,3,5,6,2,6,1,0,0,3,2,8,1,0,9,0,1,0,1,5,10,12,4
2,0,1,4,2,0,3,5,7,2,5,0,0,3,0,2,2,1,0,2,1,1,3,2,5,12,21,5
1,1,1,2,3,0,3,5,6,3,5,7,0,3,3,4,8,1,0,2,0,1,1,2,5,4,7,11
0,0,1,4,3,3,0,5,6,1,5,0,0,0,0,2,8,3,0,7,3,2,5,3,5,1,21,0
2,1,1,4,2,0,3,5,9,3,5,7,1,3,3,2,1,1,3,4,3,2,5,3,5,9,15,1
4,1,1,4,0,0,3,5,7,3,5,7,0,3,0,0,8,1,0,4,3,2,5,3,5,12,18,10
5,0,1,2,1,0,3,5,6,0,5,7,0,0,3,2,1,1,0,2,2,1,1,2,3,13,11,0
0,4,1,4,2,0,3,5,4,4,5,3,0,0,3,2,8,0,0,2,3,2,5,3,5,16,8,6
1,1,1,1,1,14,3,5,6,6,5,1,0,0,3,2,6,1,0,11,3,2,5,3,5,4,8,9
3,1,1,4,3,0,3,0,6,4,5,1,1,3,0,4,8,1,0,4,3,2,5,3,5,0,22,6
3,1,1,6,2,7,3,5,2,0,6,7,0,0,0,2,8,1,1,2,3,2,5,3,5,3,0,5
3,1,1,4,2,7,3,3,9,6,5,0,4,0,3,2,8,1,2,2,3,2,5,3,5,0,15,3
3,0,1,2,3,9,3,3,9,0,5,7,0,0,0,2,2,1,0,2,3,2,5,3,5,12,1,8
1,4,0,4,0,14,3,5,6,2,6,0,0,3,0,4,1,0,0,2,0,1,0,2,5,3,19,5
2,4,1,4,3,5,3,2,6,4,5,0,0,0,3,2,8,1,1,2,0,1,3,2,5,3,14,11
6,4,1,4,4,0,3,5,7,2,5,1,0,0,3,2,2,0,0,2,3,2,5,3,5,7,13,2
4,0,1,1,0,7,3,5,9,4,5,1,0,0,3,2,8,1,2,3,0,1,0,2,5,16,10,6
2,4,0,4,3,0,3,5,0,4,5,0,0,0,0,2,2,1,2,9,3,2,5,3,5,10,1,3
0,1,1,1,1,5,3,1,7,6,5,0,0,0,3,2,8,1,0,2,2,0,4,2,5,3,7,10
0,4,1,4,1,7,3,5,2,4,5,1,0,0,3,6,8,0,0,3,0,1,1,2,5,1,8,0
5,2,1,4,2,0,3,3,6,2,5,0,0,0,3,2,1,4,0,2,1,0,1,2,5,10,9,5
5,1,1,4,2,9,1,3,7,2,5,7,0,0,0,2,1,1,0,4,2,0,0,2,5,3,2,4