Day_of_week,Age_band_of_driver,Sex_of_driver,Educational_level,Driving_experience,Type_of_vehicle,Owner_of_vehicle,Service_year_of_vehicle,Area_accident_occured,Lanes_or_Medians,Road_allignment,Types_of_Junction,Road_surface_type,Road_surface_conditions,Light_conditions,Weather_conditions,Type_of_collision,Number_of_vehicles_involved,Number_of_casualties,Vehicle_movement,Casualty_class,Sex_of_casualty,Age_band_of_casualty,Casualty_severity,Pedestrian_movement,Cause_of_accident,Hour,Minute
5,1,1,1,2,0,3,5,6,2,5,0,0,0,3,7,8,1,0,2,3,2,5,3,5,0,6,3
5,1,1,4,1,5,3,5,7,6,5,7,0,0,3,2,2,1,0,3,0,0,0,2,5,3,10,3
0,0,0,5,4,5,3,5,9,4,5,1,4,0,3,2,8,2,1,2,3,2,5,3,5,9,12,2
1,0,1,0,3,5,3,5,12,6,5,0,0,0,0,2,8,1,0,2,3,2,5,3,5,1,17,6
3,4,1,4,2,14,3,3,9,1,5,1,0,0,3,2,1,1,1,2,3,2,5,3,5,0,10,9
6,0,1,4,3,0,3,0,4,6,5,7,0,0,0,7,8,1,0,9,3,2,5,3,5,12,18,10
6,4,0,4,2,15,3,2,7,2,5,1,0,0,3,2,6,2,0,2,0,1,1,2,5,9,16,6
5,1,1,5,3,4,3,5,2,4,5,7,0,0,3,2,8,1,0,2,0,1,0,2,5,0,17,6
4,1,1,0,5,5,3,5,7,6,5,1,0,3,3,4,2,1,0,2,0,1,0,2,5,3,11,9
3,1,1,4,2,0,0,2,7,4,5,1,0,0,3,2,6,1,0,2,1,1,4,2,5,12,17,11
1,1,1,4,1,4,3,5,9,2,5,0,0,0,0,2,8,1,1,3,2,0,0,2,1,9,21,2
0,2,1,4,1,0,3,5,9,2,5,6,0,0,3,2,8,3,3,2,0,1,0,2,5,9,18,6
4,0,1,2,0,9,3,5,7,2,5,0,0,0,3,2,2,1,0,4,0,1,1,2,5,3,15,3
4,3,1,4,3,7,3,5,6,2,5,5,0,3,0,4,8,1,0,2,0,0,1,2,5,0,18,3
1,0,1,1,0,11,3,1,9,2,1,7,0,3,0,2,8,1,1,1,0,1,0,2,5,3,17,0
5,4,0,4,2,4,3,3,6,2,2,7,0,3,0,2,8,1,0,2,1,1,0,2,5,10,21,6
1,0,1,4,4,14,3,1,7,4,5,1,3,3,3,2,8,1,0,2,3,2,5,3,5,10,7,2
5,1,1,4,2,3,3,5,9,6,5,7,0,0,3,2,8,1,0,2,0,0,0,2,5,16,13,2
0,3,1,4,6,16,3,5,9,2,5,1,4,3,0,4,8,0,1,2,2,1,0,2,0,11,22,6
5,2,0,4,2,5,3,3,6,4,5,7,3,0,3,2,3,1,0,2,0,1,1,1,5,10,12,2
0,1,1,1,4,0,3,5,7,0,5,7,0,3,3,4,8,1,0,2,3,2,5,3,5,10,9,1
0,1,1,4,4,0,3,3,12,2,5,7,0,0,3,2,8,0,0,1,0,1,1,2,5,10,17,5
5,1,1,4,4,8,0,0,7,0,5,7,0,0,0,2,2,1,0,2,0,1,1,2,5,1,16,6
4,0,1,4,2,0,3,5,7,4,5,0,0,0,3,2,8,2,0,11,3,2,5,3,5,10,14,1
6,0,1,2,4,0,3,5,7,2,5,7,0,0,0,2,8,0,0,3,3,2,5,3,5,12,23,10
0,0,1,4,1,5,3,5,6,2,5,7,0,3,0,4,8,1,1,2,3,2,5,3,5,10,19,7
1,2,1,2,3,0,3,5,2,4,5,7,0,0,3,2,8,1,1,7,0,1,0,1,5,12,14,10
3,1,1,4,1,0,3,5,2,6,5,7,0,0,3,2,8,1,1,9,1,1,0,2,5,12,12,1
6,4,0,4,3,8,3,0,6,4,7,1,2,0,3,2,8,1,0,2,3,2,5,3,5,12,16,10
5,0,1,4,2,5,3,3,9,2,5,7,0,3,2,2,2,2,0,4,0,1,0,2,5,3,17,5
5,1,1,4,0,0,3,5,7,4,5,0,0,0,3,2,2,1,0,3,3,2,5,3,5,11,7,6
1,0,1,4,3,4,3,5,9,6,5,1,0,0,3,2,3,1,0,9,3,2,5,3,5,3,17,2
4,1,1,1,2,0,3,5,7,2,5,0,1,0,3,2,8,0,0,2,2,1,0,2,4,9,9,8
4,0,1,4,2,11,3,5,7,2,5,7,0,0,0,2,8,1,0,5,0,1,1,1,5,3,21,4
4,1,1,4,0,11,3,2,6,2,5,1,0,0,3,2,8,0,0,2,3,2,5,3,5,1,15,7
3,3,1,4,1,0,3,5,6,4,5,7,0,3,3,4,8,1,0,2,1,0,3,2,5,11,13,8
4,1,1,4,2,11,0,5,7,2,5,0,0,0,0,2,8,1,0,2,2,0,4,2,5,10,21,9
4,1,1,4,2,0,3,5,6,6,7,7,0,0,3,2,2,0,0,9,2,1,1,1,6,10,12,2
6,4,0,4,3,5,3,0,12,2,5,0,0,0,0,2,8,0,0,2,0,0,0,2,5,0,17,9
1,0,1,4,5,5,3,0,6,2,5,0,0,3,0,2,8,1,5,2,0,1,1,2,5,16,15,2
2,1,1,4,4,0,3,5,1,1,5,7,0,0,3,2,8,2,0,2,1,0,0,2,5,0,17,2
6,3,1,4,2,5,3,3,9,4,5,7,0,0,0,2,8,1,0,2,1,0,4,2,5,11,19,0
0,1,1,1,2,5,3,3,6,2,2,7,2,0,3,2,8,1,0,2,0,0,0,2,5,12,10,7
6,0,1,4,2,7,3,0,6,4,5,7,0,3,0,4,8,2,0,9,0,1,0,1,5,3,17,9
0,0,1,4,2,0,3,5,6,2,5,7,0,0,3,3,8,1,1,2,0,1,3,2,5,5,8,1
5,1,1,5,3,0,3,1,7,2,5,7,0,3,0,4,1,1,0,7,1,0,3,2,5,0,17,10
3,3,1,1,2,0,3,2,2,5,7,7,0,0,3,2,8,1,0,2,0,1,0,2,5,14,11,9
0,1,1,4,0,0,3,2,7,2,5,0,0,3,0,4,8,1,2,2,3,2,5,3,5,3,5,0
3,2,1,2,0,0,3,5,6,4,5,1,0,0,3,2,8,1,0,2,0,0,1,2,5,10,14,4
0,0,1,4,0,5,3,5,7,6,5,1,0,3,3,4,2,1,1,2,3,2,5,3,5,10,15,6
3,1,1,4,4,3,3,0,3,4,5,7,0,0,0,2,1,1,1,2,0,0,0,2,5,5,0,4
5,1,1,4,2,5,3,5,7,0,5,1,0,0,3,2,8,1,0,2,3,2,5,3,5,0,17,3
2,1,1,4,0,14,3,4,6,2,5,2,0,3,0,2,6,1,0,4,0,1,4,2,5,10,19,10
5,2,1,4,3,0,3,5,7,1,5,7,0,0,0,2,8,1,3,2,0,1,1,2,5,3,20,0
2,0,1,4,3,0,3,1,9,4,5,7,0,3,3,4,8,1,0,9,3,2,5,3,5,10,13,3
0,0,0,4,1,0,3,5,7,2,5,1,0,0,3,2,8,2,0,9,0,0,0,2,5,1,8,4
2,0,1,4,2,9,3,5,2,4,5,7,0,3,3,2,2,1,2,2,3,2,5,3,5,11,13,2
0,1,1,4,2,9,3,5,6,0,5,7,0,0,2,2,8,1,0,2,2,1,0,2,6,1,18,8
2,4,0,1,2,0,3,3,6,2,2,7,0,0,0,2,8,2,1,2,3,2,5,3,5,3,17,7
2,1,2,4,3,8,3,5,6,4,5,1,0,0,3,2,2,1,0,2,2,1,3,2,5,1,14,4
6,4,0,4,2,0,3,5,2,4,5,0,0,0,0,2,8,1,0,4,0,0,3,2,5,12,22,7
0,0,1,2,3,14,3,5,6,0,5,7,0,0,3,2,2,1,0,2,2,0,0,2,5,12,19,7
2,1,1,4,1,0,0,5,12,0,5,1,0,0,0,2,8,2,0,2,0,0,0,2,5,3,22,6
2,0,1,1,1,7,3,3,9,6,5,7,2,0,3,2,8,0,0,2,3,2,5,3,5,1,16,10
1,0,1,4,2,5,3,5,6,2,5,1,0,3,0,5,8,1,1,2,3,2,5,3,5,18,3,11
6,1,1,4,3,5,3,5,4,4,5,0,0,3,3,2,8,1,0,7,0,1,2,2,5,1,6,7
2,0,1,4,4,0,1,1,4,2,5,1,0,0,0,2,2,0,3,2,2,1,3,2,1,9,1,4
4,4,1,4,3,7,3,0,9,6,3,1,0,3,3,2,8,3,0,2,0,1,0,2,5,10,7,6
2,0,1,4,1,0,3,0,6,2,5,7,0,0,3,2,8,1,2,2,2,1,4,2,5,1,9,8
5,4,0,4,0,0,3,3,7,4,5,1,0,0,3,2,8,2,0,5,0,1,4,2,5,0,16,2
6,0,1,4,1,0,0,3,7,0,5,3,0,0,3,2,8,1,0,3,3,2,5,3,5,0,10,10
0,4,1,4,3,5,3,5,2,6,5,1,0,3,3,2,1,1,0,4,3,2,5,3,5,3,18,11
4,1,1,4,0,11,3,5,6,2,5,0,0,0,3,2,8,1,0,2,3,2,5,3,5,10,17,5
4,0,1,4,3,5,3,5,6,2,5,7,0,0,0,2,8,0,0,2,3,2,5,3,5,3,22,9
6,2,1,4,3,8,3,0,7,2,5,7,0,0,3,3,1,1,0,2,0,1,0,2,5,12,16,3
0,1,1,4,4,14,3,4,7,4,5,7,0,0,3,2,6,1,0,2,0,0,0,2,5,0,17,2
3,1,1,1,3,7,3,5,7,6,5,1,0,0,3,2,8,1,1,2,0,1,1,2,5,10,10,8
1,4,1,4,3,3,3,5,6,6,5,3,0,0,3,7,8,1,0,2,0,1,1,2,5,16,8,7
1,4,0,4,1,5,3,5,7,2,5,1,0,0,3,2,8,2,0,2,1,1,3,2,5,3,6,3
3,1,1,1,1,7,3,1,7,4,5,7,0,0,3,2,5,2,1,3,3,2,5,3,5,0,15,3
2,4,1,4,4,6,3,5,6,4,5,0,0,0,3,2,8,1,0,2,3,2,5,3,5,5,8,11
6,0,1,4,1,5,3,2,6,2,6,1,0,0,3,2,8,1,0,2,3,2,5,3,5,1,6,5
0,0,1,2,3,0,3,5,9,0,5,7,0,0,3,2,1,2,1,2,3,2,5,3,5,3,6,9
2,0,1,4,3,0,3,5,6,2,3,0,0,0,3,2,2,2,1,4,0,1,0,2,5,13,17,0
5,0,1,1,2,5,3,5,7,2,5,7,0,3,3,4,2,1,0,4,2,1,0,2,5,12,14,7
6,0,1,1,2,0,3,1,9,2,5,1,0,0,3,2,2,1,2,9,0,1,1,2,5,0,18,3
5,1,1,4,3,12,3,5,6,4,5,1,0,0,3,2,8,1,4,9,0,1,0,2,5,1,13,7
5,2,1,4,2,5,3,5,9,2,5,3,0,0,3,2,8,2,0,2,0,1,4,2,5,10,12,0
4,1,1,4,2,14,3,5,7,6,5,7,0,0,3,2,8,0,0,3,3,2,5,3,5,9,8,5
3,0,1,4,3,5,3,3,2,6,5,7,0,0,3,2,8,1,0,2,3,2,5,3,5,10,20,1
6,1,1,4,0,9,3,5,6,4,5,3,0,3,3,2,8,1,0,3,1,0,0,2,5,2,17,2
2,4,0,4,3,0,3,5,7,1,5,1,0,0,3,2,8,1,0,2,2,1,4,2,4,12,12,7
4,2,1,4,2,5,3,5,6,4,5,7,0,0,3,2,8,1,0,2,2,1,0,2,5,0,18,10
3,1,1,4,2,5,3,5,7,2,5,5,0,0,3,2,8,2,1,2,2,0,3,1,5,12,14,0
4,0,1,4,1,9,3,5,6,2,5,0,0,0,3,2,2,1,0,9,0,1,0,2,5,9,9,4
4,0,1,4,2,9,3,0,7,4,5,1,0,0,3,2,2,1,0,9,3,2,5,3,5,3,16,0
5,1,1,2,3,7,3,2,7,1,5,7,0,0,3,2,8,1,1,2,3,2,5,3,5,9,10,8
2,0,1,4,2,0,3,5,7,2,5,7,0,3,0,4,1,0,0,2,3,2,5,3,5,5,21,0
4,0,1,2,1,5,3,5,6,4,5,1,0,0,3,2,2,4,0,2,0,1,1,2,5,4,17,5
3,1,1,4,1,8,3,5,6,0,5,0,0,0,0,2,8,1,0,4,2,1,4,2,6,1,3,0
2,2,1,4,2,0,3,1,7,4,5,2,0,0,3,7,0,1,0,3,3,2,5,3,5,11,12,0
2,0,1,4,2,14,0,5,6,6,6,1,0,0,0,2,2,0,0,0,0,1,4,2,5,12,22,10
2,4,1,4,3,0,0,5,9,2,5,7,0,3,3,2,1,1,0,9,0,1,1,2,5,4,14,10
4,0,1,4,2,0,3,5,6,1,6,5,0,0,3,2,8,2,0,7,3,2,5,3,5,1,14,0
3,2,1,0,2,0,3,5,7,1,5,7,0,0,3,2,8,0,0,2,0,0,3,2,5,10,20,6
5,4,0,4,3,12,3,1,7,2,5,0,0,3,3,4,8,1,0,2,0,1,1,2,5,3,12,8
5,0,1,4,1,5,3,1,6,0,5,1,0,0,3,2,8,2,1,2,0,1,3,2,5,16,18,0
4,4,0,4,1,11,3,0,9,6,3,0,0,3,3,2,8,0,0,2,0,1,4,2,5,16,20,3
0,1,1,1,3,5,3,1,9,4,5,7,0,0,3,2,8,0,0,2,3,2,5,3,5,1,10,11
6,4,0,1,4,11,0,0,7,2,5,1,0,0,3,2,2,1,0,3,0,1,1,2,5,10,8,2
2,3,1,4,0,5,3,2,12,6,5,1,0,0,3,2,8,1,0,2,2,0,0,2,1,1,8,7
6,1,1,4,2,7,3,5,6,2,5,7,0,0,3,2,8,1,1,2,0,1,0,2,5,1,19,6
5,3,1,1,1,9,3,5,9,6,5,1,0,0,3,2,8,1,0,2,2,0,0,2,0,10,15,9
1,2,1,4,2,0,3,1,12,4,5,7,0,0,3,2,8,1,0,11,2,1,4,2,0,12,11,6
4,4,0,6,2,7,3,5,6,4,5,1,0,0,3,2,2,1,1,1,3,2,5,3,5,5,15,2
6,1,1,4,1,14,3,5,3,1,5,7,0,0,3,2,8,1,0,2,3,2,5,3,5,1,9,5
5,1,1,4,0,5,3,5,6,1,5,7,0,0,3,2,8,2,0,3,0,1,0,2,5,0,15,2
6,2,1,1,2,14,3,2,7,2,5,7,0,0,3,2,8,1,0,2,0,0,2,2,5,3,17,3
1,1,2,4,3,5,3,3,7,4,5,1,0,0,3,2,8,1,0,2,3,2,5,3,5,10,17,10
6,4,1,1,2,0,3,5,7,4,5,7,0,0,3,2,8,1,0,2,3,2,5,3,5,11,19,7
0,3,1,4,1,5,3,5,6,4,5,1,0,3,0,2,8,2,2,2,2,1,4,2,5,10,19,0
4,1,1,4,2,0,3,5,6,6,5,7,0,0,3,2,8,1,0,3,3,2,5,3,5,10,7,7
1,0,1,0,2,9,3,3,9,2,5,0,0,0,0,2,8,1,0,1,0,1,1,2,5,10,17,9
4,4,0,4,2,0,1,0,6,6,5,1,0,3,3,3,8,1,0,4,2,0,0,1,6,12,15,6
1,0,1,4,1,7,3,5,6,6,5,7,0,3,0,4,1,0,0,3,3,2,5,3,5,10,3,0
0,1,1,4,1,0,3,5,7,6,5,7,2,0,3,2,0,2,1,10,3,2,5,3,5,10,12,1
0,1,1,2,0,0,3,5,9,6,5,7,0,0,3,2,6,1,0,2,0,1,3,2,5,7,13,7
6,0,1,4,0,0,3,5,6,2,5,1,0,0,3,2,8,1,0,7,3,2,5,3,5,10,12,7
3,3,1,4,3,9,3,1,7,2,5,7,0,0,3,2,8,2,0,2,3,2,5,3,5,0,8,6
6,1,1,4,2,7,3,5,4,4,6,1,0,0,3,2,8,1,0,2,3,2,5,3,5,3,14,0
1,0,2,4,2,5,3,0,7,2,5,0,2,0,0,2,8,1,2,7,3,2,5,3,5,17,18,6
4,1,1,1,4,14,3,5,6,2,5,7,0,0,3,2,8,1,0,2,3,2,5,3,5,1,18,1
5,4,1,1,2,14,3,5,11,6,5,7,0,0,3,2,8,1,0,2,0,1,0,2,5,7,9,0
6,1,1,4,1,7,3,5,6,1,5,2,0,0,3,2,8,1,1,2,0,1,1,2,5,3,13,1
3,0,1,4,4,14,3,5,7,4,5,7,0,0,0,2,8,2,3,2,0,1,1,2,5,16,23,0
2,1,1,4,2,0,3,3,6,6,7,7,0,0,3,2,8,0,0,4,2,0,0,2,2,0,15,0
3,4,0,4,2,9,3,5,6,4,5,7,0,0,3,2,8,3,0,2,0,0,3,2,5,10,12,6
1,0,0,2,0,0,3,4,2,6,5,1,0,0,3,2,8,1,0,9,0,0,0,2,5,3,11,4
1,1,1,4,2,0,3,5,2,2,5,5,0,3,3,2,8,2,0,4,3,2,5,3,5,10,15,2
3,4,0,4,0,5,3,5,6,1,5,7,0,0,3,2,8,3,0,2,0,1,1,2,5,18,12,6
2,1,1,4,2,9,3,5,9,2,5,7,0,0,3,2,8,1,0,2,2,0,3,2,5,0,13,0
6,1,1,4,1,5,3,4,6,4,5,4,0,0,3,2,8,2,0,2,0,1,1,2,5,16,8,1
0,1,0,4,1,0,3,2,7,2,5,3,0,0,3,2,8,0,1,3,3,2,5,3,5,5,12,10
6,1,1,2,1,9,3,5,6,4,5,1,0,0,3,2,8,2,0,4,3,2,5,3,5,5,9,7
6,1,1,1,3,0,3,5,2,3,5,7,0,0,0,2,8,2,0,0,1,0,2,2,5,1,19,3
2,4,0,0,2,5,3,2,7,6,5,7,0,0,0,2,8,1,0,2,3,2,5,3,5,0,4,6
2,0,1,4,4,8,3,1,2,2,5,7,0,3,0,4,8,0,0,2,0,1,0,1,5,10,21,0
0,1,1,4,1,0,3,5,6,4,5,7,0,0,3,2,8,0,1,2,0,1,1,2,5,7,15,7
6,1,1,4,0,0,3,5,7,4,5,7,0,0,3,2,8,1,0,4,0,1,0,2,5,10,13,7
5,0,1,4,1,5,3,0,6,4,5,5,0,0,3,2,1,1,0,2,0,0,4,2,5,12,17,8
3,1,1,4,2,7,3,5,6,0,5,1,0,0,3,2,8,1,2,2,0,1,0,2,5,1,11,2
2,3,1,1,1,13,3,1,6,2,5,0,0,3,0,4,2,1,2,2,0,1,1,2,5,2,3,0
2,3,1,1,2,0,0,5,6,2,0,7,0,3,3,8,8,2,3,3,3,2,5,3,5,3,19,9
3,1,1,4,3,0,3,5,6,2,5,7,0,0,3,2,8,1,0,2,3,2,5,3,5,13,11,2
0,0,1,6,4,4,3,5,9,1,5,7,0,3,0,4,8,0,0,2,1,0,1,2,5,11,18,8
0,4,1,4,2,5,3,5,7,2,5,1,0,0,3,2,8,1,0,2,0,1,1,1,5,12,8,11
1,1,1,4,2,0,3,5,6,2,5,1,0,0,3,2,8,1,0,4,1,0,3,2,5,4,14,0
2,1,1,4,2,8,3,5,7,2,5,0,0,0,3,2,8,2,0,7,1,0,1,2,5,11,8,7
0,2,1,1,3,0,3,2,9,1,5,7,0,0,3,2,8,0,0,3,0,1,1,2,5,0,8,4
6,1,1,4,2,4,3,1,7,4,5,0,0,0,3,2,8,2,0,2,3,2,5,3,5,10,7,8
4,0,1,0,2,6,3,1,7,2,5,7,0,0,3,2,2,1,1,2,2,1,3,1,5,10,12,6
0,4,1,4,0,7,3,1,7,4,3,1,0,3,3,2,8,1,3,2,0,1,0,2,5,10,16,2
2,2,1,1,1,14,3,5,9,0,5,0,0,2,3,6,8,2,1,3,3,2,5,3,5,12,12,0
4,2,1,4,1,0,0,5,6,2,5,7,0,0,3,2,8,1,0,2,0,1,0,2,5,10,15,6
1,2,1,1,1,0,3,5,2,2,5,5,0,0,3,2,8,1,1,7,3,2,5,3,5,10,9,9
2,4,1,2,2,10,1,1,9,4,5,0,0,0,0,2,8,0,0,2,0,0,0,2,5,12,2,9
6,0,1,4,2,10,3,5,9,4,5,7,0,0,0,2,1,1,1,12,3,2,5,3,5,10,17,9
3,0,1,4,2,5,3,2,6,4,5,0,0,3,0,4,8,1,0,2,1,1,1,2,5,12,17,11
5,0,1,0,1,0,3,0,9,2,5,1,0,0,3,2,8,2,0,2,3,2,5,3,5,0,7,9
0,0,1,4,2,0,3,1,10,4,1,1,0,3,0,2,8,1,1,3,2,0,1,2,6,11,17,0
0,1,1,4,1,8,3,5,6,2,5,7,0,3,0,2,8,3,1,2,1,1,2,2,5,4,16,11
1,1,1,1,2,0,3,1,9,0,5,0,0,0,0,2,8,1,0,2,0,0,1,2,5,3,0,0
3,0,1,4,5,9,3,5,12,0,5,3,0,3,3,2,2,1,0,3,3,2,5,3,5,4,20,2
4,1,1,4,2,0,0,3,7,2,5,1,2,0,3,2,8,3,0,2,2,1,1,2,6,13,18,6
4,0,1,4,0,0,3,1,6,4,5,7,0,0,3,2,8,1,0,2,0,1,0,2,5,0,9,0
6,0,1,4,2,5,3,5,7,4,5,7,0,0,3,2,2,1,3,2,3,2,5,3,5,3,5,1
1,0,1,1,2,5,3,5,6,2,5,7,0,0,0,2,2,1,0,2,0,1,0,2,5,10,20,9
5,1,1,2,2,5,3,5,6,0,5,1,0,0,3,2,8,1,0,2,3,2,5,3,5,13,8,4
5,2,1,1,0,9,3,5,6,6,5,1,0,0,3,2,8,1,1,2,0,0,1,2,5,10,20,6
6,0,1,4,2,0,3,1,6,0,5,7,0,0,0,2,1,2,0,3,1,0,0,2,5,1,21,9
6,1,1,4,4,15,3,5,7,4,5,1,0,0,3,2,2,2,0,1,3,2,5,3,5,1,15,6
3,0,1,4,1,0,3,0,7,2,5,7,0,3,3,4,8,1,1,2,0,1,0,2,5,12,12,10
5,1,1,4,1,9,3,1,7,2,5,1,0,0,0,2,8,2,2,2,2,0,1,2,1,10,18,7
5,1,1,4,0,0,3,0,6,2,5,7,0,0,3,2,8,2,1,3,0,0,0,2,5,10,19,0
2,1,1,4,3,9,3,2,7,4,5,7,0,0,3,2,8,1,0,3,0,1,0,2,5,9,10,3
4,4,0,4,1,15,0,5,7,3,5,1,0,0,0,2,8,1,1,2,2,1,4,2,1,11,2,9
5,4,1,4,2,7,3,1,10,4,1,7,0,0,3,2,8,1,0,2,0,1,0,2,5,5,8,6
2,0,2,4,0,3,3,0,6,2,5,7,0,0,3,2,7,2,0,2,3,2,5,3,5,1,14,8
2,2,1,2,2,5,0,2,7,4,5,7,0,0,0,2,8,1,0,3,0,1,0,2,5,1,16,9
3,2,1,4,2,0,3,5,1,6,5,7,0,0,3,2,8,1,0,2,1,1,0,2,5,0,14,9
2,4,0,2,0,8,3,5,6,2,5,3,1,3,3,3,6,1,0,2,0,1,0,2,5,1,14,4
3,1,1,4,2,0,3,0,7,6,5,7,0,0,0,2,8,0,0,9,3,2,5,3,5,12,21,1
6,0,1,4,4,15,3,5,6,2,5,0,0,0,0,2,1,1,0,2,0,0,3,2,5,15,22,7
6,1,1,4,2,8,3,5,6,2,5,7,0,0,3,2,8,1,0,2,0,1,1,2,5,1,7,8
2,0,1,4,0,8,3,5,12,4,5,7,0,0,3,2,8,1,0,4,1,1,4,2,5,12,18,2
6,0,1,4,2,3,3,5,7,4,5,7,0,0,3,2,6,1,0,2,0,0,0,2,5,1,13,0
0,2,1,4,2,10,3,2,2,4,3,7,3,3,0,2,6,1,1,4,0,1,1,2,5,11,0,2
1,1,1,4,2,0,3,5,9,4,5,0,0,0,0,2,8,1,0,0,3,2,5,3,5,11,19,0
6,4,1,1,2,0,3,5,7,2,5,4,0,0,3,2,8,2,0,2,0,1,4,2,5,13,8,1
5,4,1,4,0,8,3,3,5,2,5,7,0,0,3,3,8,0,0,2,0,1,3,2,5,12,13,0
1,0,1,4,4,0,3,5,7,6,5,7,0,0,3,2,8,1,0,2,2,1,4,1,6,1,7,11
5,1,1,4,0,15,3,5,1,4,3,0,0,0,3,2,8,1,0,3,0,1,1,2,5,5,16,6
5,1,1,4,3,10,0,5,7,0,5,7,0,0,0,2,8,1,0,3,1,0,1,2,5,1,1,3
3,1,1,1,3,5,3,3,4,2,5,7,0,0,3,2,8,1,1,2,3,2,5,3,5,1,12,1
1,1,1,4,2,5,3,5,6,2,5,1,0,3,0,2,8,1,0,9,3,2,5,3,5,2,19,4
1,1,1,4,2,0,3,5,9,2,3,7,0,0,3,2,8,1,1,2,3,2,5,3,5,10,9,1
5,4,1,4,3,0,3,5,2,0,5,1,0,3,3,4,8,1,0,2,0,0,0,2,5,1,12,9
4,0,1,1,1,7,3,5,0,4,5,1,0,0,0,2,8,2,2,2,0,1,4,2,5,3,21,3
4,4,1,4,4,5,3,5,7,4,5,0,0,0,3,7,8,1,0,3,0,0,0,2,5,11,7,4
5,0,1,1,2,7,3,1,5,2,7,1,0,3,0,4,8,1,2,3,0,1,1,2,5,0,19,7
3,0,1,1,2,0,3,5,6,4,5,7,0,0,0,2,8,1,0,2,2,0,4,1,1,10,22,8
3,2,1,4,3,0,3,3,2,2,4,1,0,0,3,2,8,0,1,9,0,1,1,2,5,0,17,8
5,1,1,1,0,0,3,1,9,4,5,1,0,0,3,2,8,2,0,2,3,2,5,3,5,0,18,11
4,0,1,2,4,5,3,5,7,2,5,7,0,3,0,4,1,2,0,2,3,2,5,3,5,1,11,1
6,1,1,4,0,5,3,5,9,2,5,0,0,3,0,2,0,1,0,2,0,1,2,2,5,16,18,10
5,4,1,4,0,5,3,5,6,2,6,0,3,0,0,2,8,0,0,2,0,1,1,2,5,12,17,4
4,4,1,1,2,0,3,1,12,4,5,7,0,0,0,2,6,0,0,2,0,1,1,2,5,3,21,4
5,1,1,4,2,0,3,5,7,1,0,7,0,0,3,2,8,1,0,2,3,2,5,3,5,1,8,6
2,0,1,4,2,0,0,1,1,2,5,7,0,0,0,2,8,1,0,4,3,2,5,3,5,1,20,3
3,1,1,2,1,5,3,5,4,6,5,0,0,0,3,2,8,0,1,2,0,1,4,2,5,10,17,0
3,0,1,4,1,5,3,3,6,2,5,7,0,3,0,2,1,2,2,2,2,1,0,1,1,0,1,7
5,1,1,4,2,7,3,2,9,1,5,0,0,0,3,2,1,2,0,2,0,1,0,2,5,0,13,2
3,1,1,2,1,5,3,5,9,4,5,7,0,0,3,2,8,1,0,2,3,2,5,3,5,10,14,6
6,4,1,4,0,9,3,5,6,2,5,1,0,3,0,3,6,1,2,2,0,1,0,2,5,12,17,0
4,1,1,0,5,16,3,2,7,4,5,1,0,0,3,7,8,1,1,2,0,1,1,2,5,0,15,8
2,4,0,4,1,7,3,5,6,1,5,0,0,0,0,2,2,1,2,2,3,2,5,3,5,13,0,5
0,0,1,4,2,8,3,5,5,6,3,1,0,0,3,2,8,0,0,3,0,1,1,2,5,13,15,3
0,0,1,4,4,8,3,5,2,2,5,0,0,0,3,2,8,1,2,2,3,2,5,3,5,9,16,2
1,1,1,4,1,14,3,1,9,2,5,0,0,0,3,2,8,1,0,3,2,1,1,2,2,1,13,9
1,3,1,1,2,5,2,0,1,6,5,3,0,0,3,2,8,1,0,2,0,1,4,2,5,0,10,6
6,0,1,4,0,5,0,3,9,6,5,1,0,0,0,2,8,1,0,2,1,0,1,2,5,1,21,11
4,1,1,0,3,5,3,1,2,2,5,0,4,0,0,2,8,1,0,2,0,0,0,2,5,3,19,7
0,3,1,4,0,7,3,5,6,2,6,7,0,3,3,4,2,1,0,4,0,1,1,1,5,10,16,2
5,0,1,4,3,14,3,5,9,2,5,7,0,0,3,2,8,2,0,9,1,0,1,2,5,0,17,7
4,4,1,4,1,0,3,3,6,6,5,3,0,0,3,2,8,1,0,2,0,0,1,2,5,10,16,11
2,4,1,1,1,0,3,5,9,0,5,7,0,0,3,2,8,1,0,2,2,0,0,2,1,16,19,2
4,0,1,0,2,0,3,0,6,4,5,1,0,0,3,2,2,1,0,2,2,0,4,2,5,1,11,4
5,0,1,4,2,0,3,1,9,4,1,1,0,0,3,2,8,1,0,0,3,2,5,3,5,0,17,3
5,0,1,1,4,4,3,1,9,4,5,1,0,0,3,7,8,1,0,2,3,2,5,3,5,1,19,9
2,0,1,4,4,5,3,2,7,4,5,5,0,0,3,2,6,0,0,2,3,2,5,3,5,11,17,5
6,4,1,2,2,8,3,2,7,0,1,1,2,0,3,2,8,0,0,2,0,1,0,2,5,0,9,2
3,1,1,4,3,9,3,2,2,4,5,7,0,0,3,2,8,1,0,9,2,1,0,2,0,0,12,10
2,1,1,2,1,13,3,5,6,4,5,7,0,0,2,6,8,1,1,2,0,0,0,2,5,1,18,7
0,1,1,4,2,0,3,5,7,2,5,1,0,0,3,2,8,1,0,2,2,1,4,2,2,16,15,3