Day_of_week,Age_band_of_driver,Sex_of_driver,Educational_level,Driving_experience,Type_of_vehicle,Owner_of_vehicle,Service_year_of_vehicle,Area_accident_occured,Lanes_or_Medians,Road_allignment,Types_of_Junction,Road_surface_type,Road_surface_conditions,Light_conditions,Weather_conditions,Type_of_collision,Number_of_vehicles_involved,Number_of_casualties,Vehicle_movement,Casualty_class,Sex_of_casualty,Age_band_of_casualty,Casualty_severity,Pedestrian_movement,Cause_of_accident,Hour,Minute
3,0,1,4,2,7,1,2,3,4,5,1,0,0,0,2,8,1,3,3,0,0,2,2,5,1,21,3
4,0,1,4,2,6,3,3,7,4,5,1,0,1,3,3,8,1,0,2,3,2,5,3,5,10,16,4
5,0,1,2,1,14,3,5,6,2,5,1,0,0,0,2,8,1,0,2,2,0,3,2,5,7,17,11
2,1,1,4,0,0,3,0,8,4,2,7,0,1,1,2,8,1,1,2,1,0,0,2,5,3,18,4
0,0,1,4,0,0,0,1,0,4,5,1,0,0,3,2,2,1,0,1,0,0,0,2,5,12,16,1
3,1,1,4,1,3,3,5,7,4,5,7,0,0,0,2,8,1,1,5,0,1,0,2,5,11,0,2
5,1,1,4,1,0,3,1,7,2,5,7,0,0,3,2,5,2,1,6,0,1,0,2,5,7,14,0
3,0,1,4,1,4,3,1,7,3,6,1,0,0,3,2,8,1,0,2,2,1,4,2,5,7,16,2
2,1,1,4,2,0,3,5,7,4,5,3,1,1,3,2,0,1,1,2,2,1,1,2,5,9,15,2
2,0,1,0,1,0,0,4,9,3,5,7,0,0,2,2,8,1,2,2,1,0,1,2,3,10,17,3
2,0,1,3,1,9,3,2,6,1,5,7,0,1,0,2,4,1,1,2,0,0,0,2,5,11,18,6
5,1,1,4,1,14,3,5,6,3,5,5,0,0,2,2,8,1,0,2,2,1,4,2,5,4,16,8
3,0,1,4,2,7,3,5,6,1,0,5,0,2,3,3,1,1,3,1,0,1,0,1,5,0,19,10
2,3,1,4,2,10,3,5,6,1,5,6,0,0,3,2,8,1,2,2,2,1,4,2,5,0,18,0
2,2,1,4,3,14,3,1,9,1,1,1,0,0,0,2,2,1,1,2,3,2,5,3,5,16,3,7
0,1,0,1,0,10,3,2,6,2,5,7,0,0,0,2,1,0,2,2,0,0,0,2,5,13,17,5
5,1,1,1,1,5,3,2,6,2,5,2,0,2,0,2,8,0,0,2,0,1,0,2,5,1,5,9
3,0,1,2,1,6,3,2,6,3,5,1,0,1,0,2,8,0,1,3,0,1,0,2,5,1,3,7
2,0,1,4,1,12,0,3,7,2,5,1,0,0,0,2,8,0,2,3,0,0,0,2,5,0,0,3
3,0,1,4,2,5,3,4,7,2,5,1,1,1,3,2,8,1,1,2,0,1,1,2,5,6,15,4
4,0,1,4,3,5,3,5,6,3,5,0,0,0,0,2,1,0,0,0,0,1,0,1,5,4,20,8
1,2,1,4,3,4,3,2,7,4,5,1,2,0,3,2,8,1,0,3,1,1,3,2,5,13,16,2
2,0,1,4,2,7,3,1,6,3,5,1,0,0,0,2,8,0,2,3,0,1,1,2,5,1,1,4
2,1,1,2,1,6,3,1,7,4,4,7,0,0,2,2,8,0,1,2,1,1,0,2,5,1,16,3
4,0,1,2,1,0,3,5,6,4,5,7,0,0,2,2,2,0,0,2,0,1,1,1,5,1,16,7
2,0,1,3,1,0,0,5,9,5,5,6,0,0,1,2,8,1,2,2,3,2,5,3,5,2,18,2
5,1,1,3,1,7,3,1,6,0,5,7,0,2,3,2,1,0,1,8,3,2,5,3,5,9,11,3
4,0,1,4,1,0,3,5,6,2,5,1,0,3,3,4,1,1,3,3,0,1,2,2,5,4,17,6
1,1,1,4,2,9,3,5,6,2,5,7,0,2,0,3,8,0,0,2,0,1,0,2,5,2,21,10
3,1,1,4,2,3,3,3,6,1,5,1,1,0,3,2,8,1,0,3,0,1,0,2,5,9,15,4
1,0,1,4,2,6,3,5,6,1,5,5,0,0,3,2,8,1,0,2,1,0,3,2,5,12,8,0
3,0,1,3,1,10,0,2,6,2,5,1,0,0,0,2,8,0,2,3,0,0,0,2,5,0,2,6
4,0,1,4,1,13,3,4,7,3,5,0,0,0,0,2,8,1,0,2,2,1,4,2,4,9,21,3
4,2,1,3,0,13,2,1,9,3,5,7,0,0,3,2,8,1,1,2,0,0,0,2,5,9,13,1
3,0,1,4,2,3,3,1,6,3,6,1,0,0,3,2,8,1,0,3,2,1,4,2,5,8,16,2
2,1,1,4,2,5,3,5,6,1,5,1,1,0,3,2,8,1,0,2,0,0,1,2,5,9,13,3
2,0,1,4,1,7,3,5,7,2,5,1,0,0,2,2,8,1,3,2,0,1,1,2,5,0,9,4
1,1,1,4,1,5,3,5,4,2,5,7,0,0,0,2,8,0,0,2,0,1,0,2,5,0,20,10
2,0,1,2,1,7,3,2,6,4,5,7,0,1,2,2,8,1,3,2,1,1,1,2,5,1,18,3
3,0,1,2,1,0,3,5,6,4,5,4,0,1,3,2,1,1,1,3,0,1,0,1,5,1,16,6
3,0,1,4,2,9,3,2,3,1,5,3,0,1,3,2,1,1,3,2,0,1,2,2,5,1,11,3
2,0,1,4,1,14,2,4,6,6,5,1,1,0,2,2,8,0,1,2,2,0,1,2,4,0,20,2
5,1,1,4,5,8,3,1,6,2,5,7,0,2,3,2,1,1,1,2,0,1,0,2,5,3,12,2
4,1,1,4,1,9,3,3,5,2,5,7,0,0,2,2,8,0,0,2,2,1,3,2,5,9,18,0
2,0,1,3,2,0,3,5,6,2,5,7,0,2,0,3,1,0,0,2,3,2,5,3,5,5,21,1
2,0,1,3,0,0,3,1,0,3,5,7,0,2,3,2,8,1,2,2,0,1,3,2,5,13,15,0
4,1,1,3,1,0,2,5,7,1,5,1,0,2,2,3,1,1,3,2,0,0,3,2,5,5,18,6
3,1,1,2,0,0,3,4,6,1,5,1,0,0,3,2,1,1,0,5,0,1,3,2,5,9,15,4
3,0,1,4,1,1,3,5,6,4,5,7,0,0,0,2,8,1,1,7,0,1,0,2,5,11,0,2
3,0,1,4,1,7,3,5,6,2,5,1,0,0,0,2,8,1,3,2,2,1,4,2,5,1,21,5
4,1,1,4,1,10,3,4,7,2,5,5,0,0,2,2,8,1,0,2,3,2,5,3,5,9,18,0
3,0,1,4,1,7,3,5,6,4,5,1,0,0,0,2,5,1,3,3,1,0,2,2,5,3,21,3
4,0,1,2,2,2,3,3,0,2,5,7,0,0,3,2,8,1,1,2,1,1,1,2,5,16,17,0
6,0,1,3,1,5,3,1,8,1,3,3,0,2,0,2,6,0,0,2,3,2,5,3,5,10,6,10
5,1,1,4,1,7,3,1,6,0,5,7,0,3,3,2,1,1,2,7,2,1,4,2,5,8,12,3
3,0,1,4,2,6,3,5,7,1,5,6,0,0,3,2,8,1,0,3,1,0,1,2,5,11,12,0
3,0,1,4,1,0,3,5,6,3,5,1,0,3,3,4,1,1,3,4,0,1,1,2,5,3,16,5
0,1,1,2,2,5,3,2,5,6,5,1,1,0,3,2,8,1,0,2,1,1,2,2,5,16,15,1
4,1,1,2,0,0,3,3,7,4,5,7,0,1,1,2,4,1,0,2,0,1,0,1,5,1,17,8
5,1,1,3,2,6,3,5,4,3,5,7,0,0,3,2,6,1,0,5,0,1,0,2,5,18,16,6
3,0,1,4,2,6,3,5,6,4,5,1,0,0,0,2,1,0,0,0,0,1,0,1,5,4,20,7
3,2,1,2,2,11,1,3,9,2,5,7,0,0,3,2,8,1,1,2,0,0,1,2,5,9,15,0
2,0,1,0,1,0,0,4,9,4,5,7,0,0,2,2,8,1,3,2,1,0,1,2,5,10,18,2
0,0,1,1,2,7,3,5,4,5,5,1,0,0,3,2,8,1,1,0,0,0,0,2,5,14,13,0
3,0,1,0,2,0,3,3,7,2,5,0,0,0,0,2,8,1,0,9,0,0,0,2,5,2,21,3
1,0,1,4,0,7,3,1,8,1,5,7,0,0,0,2,8,0,0,2,0,0,0,2,5,11,22,6
5,0,1,4,1,0,3,1,7,4,5,7,0,0,3,2,1,1,1,2,0,1,0,2,5,3,12,2
2,0,1,4,3,0,1,1,4,2,5,1,0,0,0,2,2,0,2,2,1,1,2,2,1,9,0,3
0,1,1,1,2,3,3,1,6,0,5,1,0,0,3,2,8,1,0,8,0,1,0,2,5,2,13,0
1,1,1,4,1,5,3,3,6,1,5,7,0,0,0,2,1,0,2,7,2,1,3,2,2,7,15,4
2,1,1,2,1,0,3,3,7,5,5,1,2,0,3,2,0,0,0,2,1,1,0,2,5,9,13,4
2,1,1,2,1,8,1,5,4,3,3,7,1,0,1,2,5,0,0,2,0,1,0,2,5,10,11,9
3,0,1,4,3,6,3,1,2,2,5,4,0,3,0,4,8,0,0,2,1,1,1,1,5,9,20,0
2,1,1,3,3,4,3,4,7,2,5,1,1,0,3,2,8,0,0,2,0,1,1,2,5,9,14,4
3,1,1,1,1,0,0,5,8,2,5,0,0,0,0,2,0,1,2,2,0,0,1,2,5,9,20,5
4,1,1,4,2,5,1,5,7,2,5,0,1,0,3,2,8,1,1,2,0,0,1,2,5,10,16,5
1,1,1,2,1,1,3,4,9,3,5,1,0,0,3,2,8,0,0,2,0,0,2,2,5,9,11,7
2,0,1,4,1,0,3,0,9,4,1,7,0,0,2,2,7,1,2,2,0,0,0,2,5,3,17,2
5,0,1,2,0,10,3,5,8,4,5,1,0,0,0,2,8,0,0,2,3,2,5,3,5,3,20,6
4,1,1,2,1,7,3,4,6,2,5,7,0,0,3,2,6,0,0,2,2,1,4,2,5,10,10,9
3,0,1,4,1,7,3,5,6,2,5,1,0,0,0,2,8,1,3,2,2,1,4,2,5,1,21,5
4,0,1,2,1,0,3,3,7,4,5,7,0,0,3,2,2,1,0,2,0,1,0,1,5,1,15,6
4,0,1,4,2,8,3,5,10,2,5,0,0,1,1,2,8,1,0,2,2,1,3,2,2,11,19,4
2,2,1,1,3,2,3,3,8,5,5,1,0,0,3,2,8,0,0,2,0,0,1,2,5,9,13,9
2,0,1,4,1,12,0,3,7,2,5,2,0,0,0,2,8,0,2,3,0,0,0,2,5,1,0,3
5,0,1,4,1,0,3,5,8,4,5,7,0,0,3,2,1,1,0,2,1,1,3,2,5,2,13,5
4,0,1,4,0,9,2,4,9,4,5,1,0,0,0,2,8,0,0,2,2,1,4,2,4,2,22,5
3,2,1,2,1,12,1,2,9,3,5,7,0,0,3,2,8,1,1,2,0,0,1,2,5,9,15,1
5,1,1,4,2,0,3,2,9,4,5,7,0,2,3,2,1,1,1,2,0,1,0,1,5,1,11,3
6,0,1,2,1,5,3,1,7,2,3,2,0,1,1,2,3,1,0,2,1,1,2,2,5,10,6,11
6,1,1,2,1,7,3,3,6,1,4,5,0,0,2,2,7,0,0,2,3,2,5,3,5,10,9,9
5,1,1,0,2,14,3,5,6,3,5,1,0,0,0,2,8,1,0,2,2,1,4,2,5,5,17,11
4,0,1,2,1,2,3,5,5,4,5,7,0,0,1,2,3,0,0,2,0,1,1,1,5,1,16,7
1,1,1,4,2,8,0,5,6,3,3,7,1,0,0,2,6,0,0,2,0,1,1,2,5,12,9,9
2,1,1,3,3,7,0,1,0,4,5,1,0,0,0,2,8,1,2,2,0,1,3,2,5,1,20,2
2,1,1,1,3,8,0,5,8,2,5,5,0,0,3,2,8,1,1,2,0,0,2,2,5,9,17,0
2,2,1,1,1,6,3,5,2,5,5,7,0,0,2,2,2,0,0,2,0,1,0,2,5,7,13,8
2,3,0,0,0,6,3,3,3,5,5,7,0,1,1,2,2,0,0,2,0,1,0,2,5,9,15,8
5,0,1,4,3,5,3,5,6,1,5,0,0,0,2,2,1,0,2,1,1,1,1,1,5,1,20,8
2,1,1,3,3,7,0,2,0,4,5,1,0,0,0,2,8,1,2,2,0,1,2,2,5,1,20,2
3,0,1,4,1,7,3,5,6,2,5,1,0,0,0,2,5,1,3,2,3,2,5,3,5,1,21,4
1,0,1,2,1,8,3,5,6,1,5,1,0,0,2,2,8,0,2,2,0,1,0,2,5,1,13,2
4,0,1,2,1,5,3,2,10,2,5,7,0,0,1,2,8,1,0,4,2,1,1,2,3,13,16,1
2,0,1,4,2,0,3,5,7,2,5,7,0,3,1,3,1,0,1,2,3,2,5,3,5,6,18,0
4,0,1,4,1,0,3,5,6,1,5,1,0,3,3,4,1,1,3,2,0,1,3,2,5,4,17,6
2,1,1,0,1,1,3,1,7,4,5,1,1,0,3,2,3,0,0,2,0,1,0,2,5,9,12,7
3,2,1,2,2,10,1,5,8,2,5,7,0,0,3,2,8,1,1,2,1,0,3,2,5,9,18,0
2,0,1,4,1,0,3,0,8,5,3,3,0,0,0,2,8,1,3,2,0,0,2,2,5,3,19,2
2,0,1,4,1,0,2,1,9,4,2,7,0,0,2,2,8,1,3,2,1,0,1,2,5,3,18,2
2,3,1,4,2,9,3,1,5,2,6,1,0,0,0,2,8,1,1,2,2,1,4,2,5,9,2,6
0,1,0,3,1,5,3,4,6,2,5,7,0,0,0,2,2,0,2,6,2,1,2,2,1,7,17,5
4,0,1,4,2,2,3,5,6,2,5,0,0,1,3,2,1,1,3,3,1,1,1,1,5,1,18,6
3,0,1,4,1,7,3,5,6,3,5,1,0,0,0,2,2,1,3,2,3,2,5,3,5,2,21,3
3,0,1,4,1,8,3,5,7,4,5,1,0,0,0,2,4,0,2,2,3,2,5,3,5,3,21,3
0,0,1,1,1,7,3,5,6,0,5,1,0,0,2,2,8,0,0,2,0,1,0,2,5,1,15,1
0,0,1,1,1,7,3,5,6,0,5,1,0,0,2,2,8,0,0,2,0,1,0,2,5,1,16,1
2,0,1,4,2,9,0,4,7,1,3,7,1,0,0,2,8,0,0,2,0,0,0,2,5,11,13,8
0,0,1,3,0,8,3,1,7,2,5,7,0,0,0,2,5,0,1,2,0,0,0,2,5,12,20,5
4,1,0,2,1,7,3,2,7,1,5,7,0,3,0,2,6,2,0,2,1,0,0,2,5,9,19,8
2,2,0,0,0,7,3,2,6,3,5,7,0,1,0,2,1,1,1,2,1,0,1,2,5,11,18,6
2,1,1,4,2,0,3,5,8,3,5,5,1,2,3,2,0,1,2,3,2,1,3,2,5,9,15,1
2,0,1,2,1,7,3,2,6,4,5,7,0,1,2,3,8,1,3,2,0,1,1,2,5,1,18,4
0,1,1,4,0,0,0,2,2,4,5,1,0,0,3,2,1,1,0,1,0,0,0,2,5,11,16,2
4,1,1,4,1,6,3,1,6,0,5,7,0,3,3,2,1,1,2,8,3,2,5,3,5,9,12,2
6,0,1,4,2,7,3,2,9,1,4,1,0,0,2,2,2,1,0,2,2,0,3,2,2,9,6,11
4,0,1,2,1,0,3,3,7,4,5,7,0,0,3,2,2,1,0,2,0,1,0,1,5,1,14,5
4,0,1,4,2,2,3,5,6,2,5,0,0,1,3,2,1,1,3,3,1,1,1,1,5,1,18,6
3,1,1,4,2,1,3,2,6,0,5,1,0,0,3,2,8,1,0,5,0,1,0,2,5,9,15,4
4,0,1,4,1,9,3,4,11,2,5,0,0,0,0,2,8,1,0,2,2,1,3,2,1,9,21,3
2,0,1,0,1,0,0,4,9,4,5,7,0,0,2,2,8,1,3,2,1,0,1,2,5,10,18,2
3,0,1,4,2,4,3,3,7,2,5,1,1,0,3,2,8,1,0,2,1,1,2,2,5,8,15,3
4,0,1,4,1,2,3,5,6,2,5,1,0,1,1,3,1,0,1,1,0,1,2,1,5,5,18,7
4,2,1,4,1,2,3,2,5,5,5,7,0,1,0,2,7,1,0,2,1,1,0,2,5,3,17,7
3,1,1,4,0,7,3,1,7,1,5,7,0,0,0,2,5,0,0,2,1,1,2,2,5,12,22,4
0,1,1,3,0,1,0,1,0,4,5,1,0,0,3,2,3,1,0,0,0,0,0,2,5,11,15,1
4,1,1,2,1,0,3,5,8,1,5,7,0,0,3,2,8,0,0,2,1,0,3,2,0,9,15,8
3,1,1,4,2,4,3,5,7,2,5,1,2,0,3,2,7,1,0,2,0,1,0,2,5,9,15,4
3,1,1,3,1,0,3,1,6,0,5,1,0,0,3,2,6,1,0,6,0,1,0,2,5,9,15,4
3,0,1,4,1,9,3,3,4,1,5,1,0,0,3,2,5,1,4,2,0,1,2,2,5,0,11,4
2,1,1,1,3,9,0,5,8,2,5,6,0,0,3,2,8,1,1,2,0,0,2,2,5,9,17,0
2,0,1,4,1,0,3,5,6,3,5,6,0,0,0,2,8,1,0,7,0,0,1,2,5,12,1,1
1,1,1,2,2,1,3,1,6,0,5,1,0,0,3,2,8,1,0,7,0,1,0,2,5,6,14,2
2,0,1,2,1,0,0,5,10,5,5,3,0,0,1,2,8,1,1,2,3,2,5,3,5,2,19,2
2,1,1,4,1,7,3,2,6,3,5,7,0,0,2,2,8,1,2,2,2,1,1,2,5,0,18,1
1,1,1,1,2,5,1,5,2,2,5,1,0,0,2,2,8,0,1,2,0,1,0,2,5,1,18,1
3,0,1,4,1,5,3,4,8,2,5,1,0,1,3,3,8,1,1,2,0,1,2,2,5,5,15,4
2,1,1,4,2,4,3,3,7,3,5,1,0,0,0,2,8,0,2,3,0,1,1,2,5,0,1,5
3,0,1,4,1,8,3,4,5,3,5,1,0,0,0,2,2,1,3,2,2,1,4,2,5,2,19,3
4,0,1,4,2,8,3,4,6,3,5,7,0,0,2,2,6,1,0,5,0,0,0,2,5,15,16,8
3,0,1,4,1,8,3,2,2,1,5,1,0,0,2,2,2,1,3,2,0,1,4,2,5,0,13,3
5,1,1,4,2,0,3,1,8,4,5,7,0,1,3,2,2,1,1,2,0,1,0,1,5,1,12,2
2,2,1,4,2,7,3,4,8,4,5,5,0,0,0,2,8,0,1,2,0,1,0,2,5,8,0,2
3,2,1,4,1,10,3,5,6,1,5,7,0,0,3,2,8,1,1,2,3,2,5,3,5,5,18,0
3,1,1,4,0,12,1,2,8,3,4,7,0,0,1,2,8,1,0,2,0,0,0,2,5,10,12,4
5,3,1,4,0,9,3,1,6,0,5,7,0,0,0,2,2,0,0,2,3,2,5,3,5,12,20,2
6,1,1,1,1,5,3,1,6,1,4,3,0,3,0,2,7,1,0,2,0,1,1,2,5,2,6,11
4,0,1,2,0,14,0,3,8,5,5,1,0,0,0,2,8,0,0,4,2,0,4,2,2,1,20,8
4,0,1,4,0,10,2,4,9,4,5,1,0,0,0,2,8,0,0,2,2,1,4,2,4,2,22,5
5,2,1,1,2,14,3,5,6,4,5,2,0,0,0,2,8,1,0,2,3,2,5,3,5,4,16,10
1,1,1,4,2,0,3,5,8,2,5,7,0,2,2,2,1,0,3,4,2,1,4,2,4,8,15,1
2,3,1,3,2,8,3,5,4,1,5,7,0,0,3,2,8,1,2,2,3,2,5,3,5,0,18,0
3,1,1,4,1,3,3,5,7,4,5,7,0,0,0,2,8,1,1,5,0,1,0,2,5,11,0,2
3,0,1,4,1,7,1,3,4,4,5,1,0,0,0,2,8,1,3,3,0,0,1,2,5,2,21,3
5,1,1,4,2,0,3,2,9,4,5,7,0,2,3,2,1,1,1,2,0,1,0,1,5,1,11,3
0,1,1,2,2,6,3,2,2,2,5,2,0,0,3,2,8,1,0,0,1,0,1,2,5,10,11,0
4,0,1,1,2,3,3,5,1,2,5,6,0,0,3,2,8,1,1,1,1,0,0,2,5,17,17,0
5,1,1,4,1,0,3,1,7,3,5,7,0,0,3,2,4,2,1,5,0,1,0,2,5,6,14,1
0,0,1,3,2,6,3,5,5,1,5,4,0,0,3,2,8,1,0,1,0,0,3,2,5,13,8,0
3,0,1,4,1,9,3,5,7,2,5,1,0,0,3,2,8,1,3,2,0,0,0,2,3,0,12,4
3,1,1,2,0,0,3,4,6,1,5,1,0,0,3,2,0,1,0,5,0,1,3,2,5,9,15,4
2,0,1,4,2,6,3,2,7,3,5,1,0,0,0,2,8,0,2,3,0,1,1,2,5,0,1,4
0,1,1,2,0,2,1,1,0,4,5,1,0,0,3,2,4,1,0,0,0,0,0,2,5,10,15,1
2,3,1,4,2,10,3,5,6,1,5,6,0,0,3,2,8,1,2,2,2,1,4,2,5,0,18,0
4,0,1,4,1,0,3,5,6,1,5,1,0,2,2,3,1,0,2,1,0,1,3,1,5,5,18,7
5,0,1,4,2,5,0,5,9,2,5,0,0,0,2,2,8,1,2,2,0,0,1,2,4,11,20,7
3,1,1,4,2,8,3,5,9,4,5,3,0,3,3,3,8,1,1,2,3,2,5,3,5,13,15,3
5,1,1,1,1,4,3,2,6,2,5,2,0,3,0,2,8,0,0,2,0,1,0,1,5,1,6,10
4,1,1,2,1,7,3,4,6,2,5,7,0,0,3,2,6,0,0,2,2,1,4,2,5,10,10,9
0,1,1,1,2,5,3,1,6,0,5,1,0,0,2,2,8,1,0,8,0,1,0,2,5,1,13,0
4,2,1,4,0,0,3,0,6,5,5,7,0,2,0,2,7,1,0,2,1,1,0,2,5,3,18,7
4,0,1,4,1,9,3,4,11,2,5,0,0,0,0,2,8,1,0,2,2,1,3,2,1,9,21,3
3,0,1,0,2,0,3,3,7,2,5,0,0,0,0,2,8,1,0,9,0,0,1,2,5,2,21,3
2,0,1,4,2,8,3,5,7,1,0,7,0,3,2,4,2,1,2,1,0,1,0,2,5,1,19,10
5,1,1,4,2,7,3,1,6,0,5,7,0,3,3,2,1,1,2,7,2,1,3,2,5,7,12,3
3,0,1,4,2,4,3,1,7,3,6,1,0,0,3,2,8,1,0,2,2,1,4,2,5,8,16,2
2,0,1,2,4,8,1,2,4,2,5,7,0,1,1,3,8,0,0,2,0,0,1,1,5,9,19,0
5,2,1,4,3,1,3,2,8,3,5,7,0,3,3,2,1,1,2,2,0,1,0,1,5,1,12,3
2,0,1,3,2,0,3,5,6,2,5,7,0,2,0,3,1,0,0,2,3,2,5,3,5,6,21,1
4,1,1,3,0,0,3,5,7,1,5,1,0,2,3,3,0,1,2,2,0,1,4,2,5,5,17,6
0,2,1,4,3,4,3,0,7,5,5,1,1,0,3,2,8,1,0,4,3,2,5,3,5,16,16,2
4,1,1,0,2,14,2,4,6,4,5,1,0,0,0,2,8,0,0,2,2,1,4,2,4,3,18,10
1,2,1,1,1,6,3,5,2,6,5,7,0,0,3,2,2,0,0,2,0,1,0,2,5,9,12,9
3,1,1,2,1,0,1,5,8,1,5,0,0,1,1,2,1,1,3,2,0,0,2,2,5,7,20,6
2,0,1,4,1,14,0,3,7,2,5,1,0,0,3,2,2,1,1,2,2,1,4,2,5,10,19,1
0,1,1,1,1,5,2,1,0,4,5,1,0,0,3,2,6,1,0,0,1,0,0,2,5,9,13,0
4,2,0,1,0,5,3,2,7,3,5,7,0,3,0,2,3,2,0,2,1,0,1,2,5,9,19,8
2,0,1,4,2,7,3,2,7,4,5,1,0,0,0,2,8,0,2,3,0,1,0,2,5,2,0,3
2,0,1,4,1,7,3,2,6,4,5,5,0,0,1,2,8,1,3,2,1,0,0,2,5,0,18,2
4,0,1,5,1,0,3,5,9,3,5,7,0,0,3,2,1,1,1,2,3,2,5,3,5,4,12,2
5,1,1,4,3,4,3,5,6,1,5,0,0,0,3,2,1,1,3,2,1,1,2,1,5,0,19,7
1,2,1,2,1,6,3,5,3,6,5,7,0,1,3,2,2,0,1,2,0,1,1,2,5,10,10,9
5,2,1,4,1,14,3,5,7,3,5,7,0,0,3,2,8,1,0,2,3,2,5,3,5,4,16,6
6,1,1,3,2,7,3,2,8,2,5,1,0,0,3,2,1,1,0,2,1,0,2,2,2,9,6,11
5,1,1,3,1,7,3,2,6,0,5,7,0,1,3,2,4,0,1,5,3,2,5,3,5,9,11,5
2,3,1,4,3,12,3,1,7,2,3,1,0,0,0,2,4,1,2,2,3,2,5,3,5,13,3,7
2,1,1,4,2,0,3,3,8,3,5,7,0,3,3,2,3,1,3,4,3,2,5,3,5,9,16,3
2,0,1,4,1,7,3,4,6,4,5,1,0,0,0,2,8,1,3,3,0,0,0,2,5,2,20,2
3,0,1,4,1,0,3,1,8,6,5,1,0,0,0,2,8,1,3,6,1,1,4,2,5,1,21,3
6,0,1,3,1,6,3,2,7,1,3,4,0,1,1,2,6,0,0,2,3,2,5,3,5,10,8,10
2,0,1,3,2,8,3,4,6,1,0,7,0,3,3,4,3,1,3,1,0,1,0,2,5,1,18,10
4,0,1,4,2,4,3,1,7,4,6,1,0,0,3,2,8,1,0,2,3,2,5,3,5,8,16,2
2,0,1,4,2,8,3,5,7,1,1,7,0,3,1,4,4,1,1,1,0,1,0,2,5,1,20,10
6,0,1,3,1,6,3,2,7,1,3,4,0,1,1,2,6,0,0,2,3,2,5,3,5,10,7,10
3,1,1,4,2,11,3,5,6,4,5,1,0,1,3,3,8,1,1,2,2,0,0,2,2,0,17,4
5,2,1,2,2,14,3,5,6,4,5,4,0,0,1,2,8,1,0,2,3,2,5,3,5,4,16,9
4,1,1,4,5,9,3,2,5,1,5,6,0,2,3,2,1,1,2,2,0,1,0,2,5,2,11,3
2,0,1,4,0,7,3,1,8,1,5,7,0,1,0,2,8,0,0,2,0,0,0,2,5,11,21,6
4,0,1,4,0,8,3,5,8,3,5,1,0,0,0,2,8,0,1,2,3,2,5,3,5,2,22,5
2,0,1,4,1,0,3,0,8,4,2,4,0,0,1,2,8,1,3,2,0,0,1,2,5,3,19,2
2,0,1,4,1,8,3,4,7,2,5,1,0,0,2,2,8,0,3,2,0,1,1,2,5,1,7,4
2,0,1,3,1,0,0,5,7,5,5,7,0,0,2,2,8,1,2,2,3,2,5,3,5,2,18,1
4,1,1,4,0,14,3,1,8,4,5,6,0,0,3,2,8,1,0,2,0,0,0,1,5,10,13,2
3,0,1,4,2,0,3,1,6,0,5,1,0,0,3,2,8,1,0,6,0,1,0,2,5,8,15,3
3,0,1,4,2,1,3,1,6,1,5,1,0,0,3,2,8,1,0,5,0,1,1,2,5,8,15,3
2,0,1,3,1,0,0,5,9,5,5,6,0,0,1,2,8,1,2,2,3,2,5,3,5,2,18,2
2,0,1,4,1,12,0,2,6,2,5,1,0,0,0,2,8,0,2,3,0,0,1,2,5,2,1,4
4,0,1,2,1,1,3,5,5,4,5,7,0,0,1,2,3,0,0,2,0,1,1,1,5,1,16,7
4,1,1,3,2,8,3,4,6,3,5,2,0,2,3,3,8,0,0,2,3,2,5,3,5,12,14,6
2,1,1,1,2,4,2,5,1,2,5,5,0,0,3,2,8,1,2,2,2,1,4,2,5,1,18,0
3,0,1,4,1,6,3,5,6,1,5,0,0,0,0,2,7,1,3,2,2,1,4,2,5,0,21,6
3,0,1,4,1,7,3,5,6,4,5,1,0,0,0,2,5,1,3,3,1,0,2,2,5,3,21,3
1,2,1,1,1,6,3,5,2,6,5,7,0,0,3,2,2,0,0,2,0,1,0,2,5,9,11,9
4,0,1,2,0,4,1,5,10,4,5,0,0,0,0,2,8,0,0,2,3,2,5,3,5,1,21,3
3,1,1,4,2,11,3,5,6,4,5,1,0,2,3,3,8,1,1,2,2,0,0,2,1,0,16,4
2,2,1,4,2,9,3,1,5,2,6,1,0,0,0,2,8,0,2,3,2,1,4,2,5,8,2,6
2,1,1,1,3,9,0,5,9,2,5,7,0,0,3,2,8,1,1,2,1,0,2,2,5,9,17,0
3,2,1,1,2,5,3,1,8,4,3,7,0,0,2,2,7,0,0,2,0,1,1,2,5,3,14,6
2,0,1,4,1,0,1,3,9,5,3,7,0,0,2,2,8,1,3,2,2,1,3,2,5,3,18,2
2,0,1,4,2,4,3,5,6,3,5,3,0,1,0,2,1,0,1,2,3,2,5,3,5,3,21,1
2,1,1,3,1,0,3,5,11,3,5,2,0,0,3,2,8,0,0,2,2,0,1,2,3,10,14,8
3,3,0,0,0,4,3,2,6,3,5,7,0,2,0,2,1,1,0,2,2,1,2,2,5,9,19,7
1,1,1,4,2,9,3,5,6,2,5,7,0,2,0,3,8,0,0,2,0,1,0,2,5,2,21,10
0,0,1,1,1,6,3,4,6,0,5,1,0,0,2,2,8,0,0,2,0,1,0,2,5,1,16,1
2,0,1,1,2,0,1,2,8,4,5,7,0,1,2,2,8,1,3,2,1,0,2,2,5,10,18,4
3,0,1,4,1,8,3,4,7,3,5,1,0,3,3,4,8,1,1,2,1,0,0,2,2,0,16,5