Day_of_week,Age_band_of_driver,Sex_of_driver,Educational_level,Driving_experience,Type_of_vehicle,Owner_of_vehicle,Service_year_of_vehicle,Area_accident_occured,Lanes_or_Medians,Road_allignment,Types_of_Junction,Road_surface_type,Road_surface_conditions,Light_conditions,Weather_conditions,Type_of_collision,Number_of_vehicles_involved,Number_of_casualties,Vehicle_movement,Casualty_class,Sex_of_casualty,Age_band_of_casualty,Casualty_severity,Pedestrian_movement,Cause_of_accident,Hour,Minute
2,2,1,1,1,7,2,5,2,5,4,7,0,0,2,2,3,0,0,2,0,1,0,2,5,9,12,9
2,0,1,1,2,0,0,3,8,4,5,7,0,0,2,2,8,1,3,2,1,0,2,2,5,10,18,3
3,2,1,2,1,6,3,5,2,5,5,7,0,0,1,2,3,0,0,2,0,1,0,2,5,6,14,7
2,3,1,4,2,8,3,4,8,3,5,6,0,0,0,2,8,1,1,2,1,1,0,2,5,9,0,2
3,0,1,4,2,6,3,5,6,4,5,1,0,0,0,2,2,0,0,1,0,0,0,1,5,4,20,6
2,0,1,2,2,5,1,3,2,4,5,3,0,0,2,2,8,1,2,2,0,1,0,2,5,0,19,1
2,2,1,3,1,9,3,1,5,2,6,1,0,0,0,2,8,0,1,2,3,2,5,3,5,9,3,7
1,0,1,2,1,8,3,3,3,0,5,1,0,0,2,2,4,0,2,2,0,1,2,2,5,0,13,2
3,0,1,4,1,8,3,4,11,2,5,0,0,0,0,2,8,0,0,2,1,1,2,2,1,10,21,3
3,0,1,4,1,7,3,5,6,3,5,1,0,0,0,2,8,1,3,3,0,0,0,2,5,2,21,3
4,3,1,3,0,9,3,1,6,0,5,7,0,0,0,2,1,0,0,2,2,1,3,2,5,13,19,3
5,1,1,4,3,7,3,1,6,0,5,7,0,3,3,2,1,1,2,5,1,1,2,2,5,6,12,3
5,1,1,2,2,4,3,5,2,2,5,7,0,0,3,2,7,1,0,3,1,1,0,2,5,18,17,2
2,3,1,4,2,11,3,5,6,2,5,5,0,0,3,2,8,1,2,2,2,1,4,2,5,0,18,0
3,0,1,4,1,8,3,5,6,4,5,1,0,1,1,2,8,1,2,3,0,0,0,2,3,1,19,4
2,0,1,3,1,6,3,2,6,3,5,7,0,0,2,2,8,1,2,2,2,1,0,2,5,0,18,1
2,1,1,2,2,12,0,5,7,2,5,3,0,0,3,2,3,1,2,2,2,1,4,2,5,9,19,0
3,1,1,4,2,9,1,5,6,2,3,7,1,0,1,2,7,0,0,4,0,1,0,2,5,14,13,8
2,0,1,4,3,8,3,1,4,1,5,7,0,3,0,3,8,0,0,2,0,0,0,1,5,10,20,3
4,0,1,4,1,13,3,4,7,3,5,0,0,0,0,2,8,1,0,2,2,1,4,2,4,9,21,3
4,1,1,4,3,6,1,1,1,4,5,1,0,1,0,3,8,0,1,2,2,1,4,2,5,5,20,1
3,0,1,4,1,7,3,5,6,2,5,1,0,0,0,2,5,1,3,2,3,2,5,3,5,1,21,4
2,0,1,4,2,7,3,5,12,5,5,7,0,2,3,2,8,1,2,2,2,1,3,2,5,12,15,0
2,0,1,3,1,12,0,2,6,2,5,1,0,0,0,2,8,0,2,3,0,0,0,2,5,0,1,4
5,1,1,4,1,7,3,1,6,0,5,7,0,3,3,2,1,1,2,7,2,1,4,2,5,7,12,3
6,1,1,4,1,1,3,2,7,2,5,7,0,0,3,2,8,2,1,7,0,1,0,2,5,10,16,0
2,1,1,4,2,0,3,5,8,3,5,5,1,2,3,2,0,1,2,3,2,1,3,2,5,9,15,1
2,0,1,2,2,5,3,1,4,4,6,1,0,0,3,2,8,1,0,1,2,1,3,2,5,8,15,1
2,0,1,0,1,0,0,3,7,4,5,7,0,0,2,2,8,1,3,2,0,0,1,2,5,11,17,1
2,0,1,4,1,0,3,5,6,3,5,6,0,0,0,2,8,1,1,8,0,0,1,2,5,11,1,2
4,0,1,4,2,7,1,5,10,2,5,0,0,0,1,2,8,1,1,2,1,0,2,2,2,10,20,4
3,0,1,4,1,5,3,3,7,1,5,1,0,2,3,3,6,1,3,2,0,1,3,2,5,2,15,4
2,0,1,2,2,8,3,2,6,2,5,7,0,3,1,3,8,1,1,2,0,0,1,2,5,5,18,7
5,1,1,3,1,7,3,2,6,0,5,7,0,1,3,2,4,0,1,5,3,2,5,3,5,9,11,5
5,0,1,4,2,7,3,5,9,2,5,7,0,0,3,2,8,1,1,3,2,1,0,2,5,11,15,0
5,0,1,4,3,5,3,5,6,1,5,0,0,0,2,2,1,1,3,2,2,1,2,1,5,0,20,7
5,1,1,2,1,8,3,4,6,2,5,5,0,0,3,2,8,0,0,2,3,2,5,3,5,10,12,8
2,0,1,2,1,0,2,1,9,4,2,7,0,0,2,2,8,1,3,2,1,0,0,2,5,5,18,2
3,1,1,2,1,0,3,4,8,1,5,7,0,0,3,2,8,1,0,2,2,1,4,2,1,10,16,7
4,0,1,4,1,9,3,5,11,2,5,0,0,0,0,2,8,0,0,2,2,1,3,2,1,9,21,3
5,1,1,2,1,8,3,4,6,2,5,6,0,0,3,2,8,0,0,2,3,2,5,3,5,10,11,8
1,1,1,0,0,0,3,1,7,3,5,1,1,0,3,2,2,0,0,2,0,0,0,2,5,9,10,6
1,2,1,2,2,8,3,5,6,0,5,4,0,0,2,2,8,0,1,2,1,1,3,2,5,0,17,0
2,0,1,0,1,0,0,3,9,3,5,7,0,0,1,2,8,1,2,2,1,0,1,2,4,11,17,2
5,1,1,4,2,0,3,2,7,2,5,2,0,3,0,3,6,0,0,2,0,1,0,1,5,1,12,5
4,1,1,4,1,0,3,1,6,0,5,3,0,0,3,2,8,1,0,7,0,1,0,2,5,9,15,2
3,0,1,4,1,9,3,4,7,3,5,1,0,3,3,4,8,1,1,2,1,0,0,2,1,0,16,5
4,1,1,4,2,8,3,2,7,2,5,1,0,0,1,2,4,1,0,3,2,0,3,2,2,9,4,9
2,1,1,1,3,10,0,5,8,2,5,6,0,0,3,2,7,1,2,2,1,0,3,2,5,9,18,0
3,1,1,2,1,0,3,3,8,2,5,7,0,1,3,2,8,1,1,2,2,1,4,2,2,10,16,7
4,0,1,4,1,0,3,2,7,2,5,1,0,3,0,4,8,0,0,2,0,1,0,1,5,2,12,5
2,1,1,2,0,0,2,4,6,2,5,1,0,0,3,2,0,1,0,4,0,0,3,2,5,10,15,3
5,1,1,4,3,5,2,1,1,4,5,1,0,2,0,3,8,0,0,2,2,1,4,2,5,7,20,0
3,0,1,1,2,0,3,2,6,1,5,0,0,0,1,2,8,1,0,8,0,0,0,2,5,5,18,3
3,1,1,1,2,0,0,5,9,2,5,0,0,0,0,2,1,1,3,2,0,0,1,2,5,9,21,6
2,1,1,0,0,0,3,1,7,4,5,1,1,0,3,2,2,0,0,2,0,1,0,2,5,9,11,6
4,1,1,2,2,10,3,1,7,3,3,1,0,0,1,2,1,1,0,2,1,1,2,2,5,13,4,9
4,1,1,2,1,0,2,2,7,2,5,7,0,0,2,2,8,1,1,6,0,0,0,2,5,10,16,0
1,0,1,4,0,0,2,1,0,4,5,6,0,2,3,2,7,1,2,1,0,0,3,2,5,12,15,1
4,0,1,4,0,9,2,4,9,4,5,1,0,0,0,2,8,0,0,2,2,1,4,2,4,2,22,5
3,1,1,1,1,0,1,5,8,2,5,0,0,0,1,2,0,1,1,3,0,0,2,2,5,9,18,5
3,1,1,2,0,0,3,5,7,1,5,1,0,1,3,2,0,1,1,3,0,1,4,2,5,8,16,5
4,0,1,5,1,0,1,5,9,4,5,7,0,0,2,2,3,1,1,2,3,2,5,3,5,3,13,2
1,0,1,2,0,2,3,1,0,4,5,4,0,1,3,2,8,1,2,1,0,1,2,2,5,10,14,0
2,0,1,1,2,8,3,2,6,3,5,7,0,3,2,3,8,1,2,2,0,0,2,2,5,3,18,7
5,0,1,4,2,7,3,5,9,2,5,7,0,0,3,2,8,1,1,3,2,1,0,2,5,11,15,0
3,0,1,4,1,0,3,5,6,5,5,1,1,0,3,2,0,1,0,2,1,1,0,2,5,7,15,4
3,0,1,4,2,7,3,5,6,4,5,1,0,0,0,2,1,0,2,1,2,1,4,2,5,3,20,3
1,1,1,2,1,6,3,2,6,0,5,1,0,0,3,2,8,1,2,6,0,1,0,2,5,1,12,1
2,1,1,4,1,8,3,5,12,5,5,7,0,2,3,2,8,1,2,2,3,2,5,3,5,12,15,0
1,1,1,4,2,8,3,5,6,2,5,7,0,2,0,3,8,0,0,2,0,1,0,2,5,2,21,10
1,0,1,2,1,8,3,5,6,1,5,1,0,0,2,2,8,0,2,2,0,1,0,2,5,1,13,2
1,0,1,4,2,7,3,1,4,2,5,7,0,1,0,3,8,0,0,2,0,1,0,1,5,10,21,2
3,0,1,4,1,0,3,4,6,4,5,1,0,3,3,3,1,1,2,4,0,1,0,1,5,2,15,4
2,0,1,3,1,0,3,0,9,4,1,7,0,0,2,2,8,0,2,2,0,0,0,2,5,3,17,2
5,0,1,3,2,6,3,3,10,2,5,7,0,0,1,2,8,1,0,4,2,1,1,2,4,12,16,0
4,1,1,4,0,13,2,1,8,3,4,7,0,0,2,2,8,1,0,2,0,0,0,2,5,10,12,3
6,0,1,2,1,5,3,1,7,2,4,1,0,1,1,2,3,1,0,2,1,1,2,2,5,10,6,11
4,1,1,3,2,14,3,4,6,4,5,7,0,0,3,2,8,1,0,2,2,1,4,2,5,3,16,7
2,1,1,3,2,8,2,5,12,5,5,7,0,2,3,2,8,1,2,2,2,1,4,2,5,12,15,0
2,1,1,2,1,5,3,3,3,2,5,7,0,0,2,2,8,1,2,2,2,1,3,2,5,0,18,0
1,1,1,2,2,6,3,2,2,3,5,1,0,0,3,2,8,1,0,0,1,1,0,2,5,9,13,1
4,0,1,2,1,14,3,4,6,4,5,0,0,0,0,2,8,1,0,2,3,2,5,3,5,7,19,6
3,1,1,3,1,0,3,1,6,0,5,1,0,0,3,2,7,1,0,6,0,1,0,2,5,9,15,4
5,1,1,4,2,3,3,5,6,1,5,0,0,1,3,2,1,1,3,2,1,1,2,1,5,1,19,7
2,1,1,0,0,0,3,1,7,4,5,1,1,0,3,2,2,0,0,2,0,1,0,2,5,9,11,6
2,0,1,4,2,6,3,2,7,3,5,1,0,0,0,2,8,0,2,3,0,1,1,2,5,0,1,4
2,1,1,1,3,5,0,4,0,4,5,1,0,0,2,2,8,1,2,2,0,1,0,2,5,1,20,1
3,0,1,4,2,8,3,1,5,1,5,7,0,3,0,2,8,1,0,2,0,0,0,1,5,10,19,5
5,1,1,3,2,4,0,4,9,2,5,0,0,0,3,2,8,0,2,2,0,0,1,2,5,11,19,8
4,1,1,4,3,6,3,5,6,2,5,0,0,0,1,2,1,1,3,2,2,1,3,1,5,1,20,5
3,0,1,4,1,7,3,5,6,3,5,1,0,0,0,2,4,1,3,2,3,2,5,3,5,2,21,4
2,1,1,2,2,0,3,5,6,2,5,7,0,1,1,3,1,0,0,2,3,2,5,3,5,6,21,2
4,1,1,2,2,4,1,4,9,3,5,0,0,0,3,2,8,0,1,2,0,0,1,2,5,11,17,8
2,0,1,1,1,7,3,2,6,4,5,7,0,2,2,3,8,1,3,2,0,1,2,2,5,2,18,6
6,1,1,4,1,1,3,2,7,2,5,7,0,0,3,2,8,2,1,8,0,1,0,2,5,10,16,0
3,0,1,4,1,9,3,2,3,1,5,1,0,0,3,2,3,1,4,2,0,1,3,2,5,0,11,4
6,0,1,4,1,6,3,1,9,1,3,2,0,1,1,2,4,1,0,2,2,1,4,2,3,9,6,11
0,1,1,1,2,5,3,2,6,0,5,1,0,0,2,2,8,1,0,7,0,1,0,2,5,1,14,0
5,1,1,3,1,0,2,2,7,2,5,7,0,0,2,2,8,1,1,8,0,0,0,2,5,10,16,0
5,4,0,3,0,8,3,1,6,0,5,7,0,0,0,2,2,0,0,2,2,1,4,2,5,12,20,4
5,1,1,3,2,0,3,5,7,2,5,7,0,0,3,2,8,0,0,2,1,0,2,2,2,9,13,8
5,1,1,4,1,14,3,5,6,3,5,6,0,0,2,2,8,1,0,2,2,1,4,2,5,4,16,8
3,3,0,0,0,5,3,3,4,4,5,7,0,1,1,2,2,1,0,2,1,1,1,2,5,9,16,8
2,1,1,3,1,9,0,4,6,2,3,7,1,0,0,2,8,0,0,2,0,1,1,2,5,11,11,9
2,0,1,2,2,5,1,5,2,4,5,1,0,0,1,2,8,1,2,2,0,0,0,2,5,1,20,1
4,0,1,4,2,4,3,5,6,3,5,1,0,0,0,2,1,0,0,0,0,1,1,1,5,5,19,7
1,2,1,3,2,4,3,0,8,4,5,2,1,0,2,2,8,1,0,4,2,1,4,2,3,16,17,2
2,0,1,4,1,0,2,5,7,2,5,7,0,2,0,3,1,0,0,2,3,2,5,3,5,4,20,0
6,0,1,3,1,5,3,1,8,1,3,2,0,2,0,2,5,1,0,2,2,1,4,2,5,10,6,11
1,2,1,1,1,6,3,5,3,6,5,7,0,0,3,2,2,0,0,2,0,1,1,2,5,9,11,9
4,1,1,4,1,6,3,1,6,0,5,7,0,2,2,2,1,0,2,8,2,1,4,2,4,8,12,3
4,0,1,2,2,2,3,4,0,2,5,7,0,0,3,2,8,1,1,2,1,1,0,2,5,17,17,0
2,2,1,4,2,12,3,5,6,3,5,4,0,0,3,2,8,1,2,2,2,1,3,2,5,0,18,0
3,1,1,4,1,0,3,1,6,0,5,2,0,0,3,2,8,1,0,7,0,1,0,2,5,9,15,2
2,3,1,4,1,9,3,4,6,1,5,7,0,0,2,2,8,1,2,2,2,1,3,2,5,0,18,0
2,1,1,4,1,13,0,5,7,2,5,1,0,0,3,2,2,1,1,2,3,2,5,3,5,9,19,0
5,0,1,2,3,3,3,5,1,2,5,7,0,0,3,2,8,1,1,2,2,1,0,2,6,17,17,0
5,1,1,4,3,5,2,1,1,4,5,1,0,2,0,3,8,0,0,2,2,1,4,2,5,8,20,0
2,1,1,4,2,8,3,5,12,5,5,6,0,3,3,2,8,1,2,2,3,2,5,3,5,13,15,1
2,1,1,2,3,6,0,2,0,4,5,1,0,0,1,2,8,1,2,2,0,1,2,2,5,1,20,2
0,1,1,3,2,3,3,5,6,2,5,7,0,0,0,2,1,0,2,5,2,1,3,2,2,7,18,5
1,0,1,4,2,9,3,5,7,1,3,7,0,3,0,4,6,1,0,2,0,1,0,2,5,2,21,10
5,1,1,4,1,0,3,1,7,4,5,7,0,1,3,2,2,1,1,2,0,1,0,1,5,2,12,2
3,0,1,3,2,8,3,2,6,1,5,7,0,3,0,2,8,1,0,2,0,0,0,2,5,8,18,7
4,0,1,3,1,0,3,5,7,2,5,3,0,1,3,3,1,1,1,2,0,1,2,1,5,3,17,7
3,0,1,2,1,0,1,3,10,5,5,0,0,0,0,2,8,1,1,6,3,2,5,3,5,0,21,3
3,0,1,2,0,0,3,5,6,2,5,1,0,0,3,2,0,1,0,5,0,1,3,2,5,8,15,4
3,1,1,4,2,1,3,2,6,0,5,1,0,0,3,2,8,1,0,5,0,1,0,2,5,9,15,4
2,0,1,4,1,0,3,5,7,1,5,6,0,3,0,4,1,0,0,2,2,1,4,2,5,5,20,0
2,1,1,3,3,4,3,4,7,2,5,1,1,0,3,2,8,0,0,2,0,1,1,2,5,9,14,4
3,0,1,2,1,0,3,5,6,4,5,4,0,1,3,2,1,1,1,3,0,1,0,1,5,1,16,6
1,0,1,4,0,0,2,1,0,4,5,6,0,2,3,2,7,1,2,1,0,0,3,2,5,12,15,1
4,1,1,4,2,6,3,5,6,2,5,0,0,0,1,2,1,1,3,2,2,1,3,2,5,1,20,5
3,1,1,4,2,8,3,5,7,4,5,1,0,3,3,3,8,1,1,2,3,2,5,3,5,13,15,5
0,1,1,2,1,4,1,1,0,4,5,1,0,0,3,2,5,1,0,0,1,0,0,2,5,10,14,0
3,0,1,4,1,9,3,5,7,2,5,1,0,1,3,2,8,1,2,2,0,0,0,2,3,0,13,4
2,1,1,4,3,4,3,3,7,3,5,1,2,0,3,2,8,1,0,2,0,1,2,2,5,11,15,3
4,1,1,4,1,9,3,5,8,3,5,7,0,0,3,2,8,1,1,2,3,2,5,3,5,10,17,0
2,1,1,4,2,0,3,3,8,3,5,7,0,3,3,2,3,1,3,4,3,2,5,3,5,9,15,2
2,0,1,3,1,6,3,2,6,3,5,1,0,0,0,2,8,0,2,3,0,1,0,2,5,1,1,5
2,2,1,2,2,6,3,5,3,1,5,7,0,0,3,2,8,1,2,2,3,2,5,3,5,0,18,0
4,1,1,4,1,7,3,1,7,1,4,2,0,1,0,2,6,1,0,2,3,2,5,3,5,9,4,9
3,0,1,4,0,10,1,4,7,3,5,1,0,0,0,2,8,0,1,3,2,1,4,2,3,0,22,6
3,0,1,2,1,9,1,2,6,2,5,1,0,1,0,2,8,0,1,3,0,0,0,2,5,0,3,7
2,0,1,4,1,7,2,1,6,4,5,6,0,0,1,2,8,1,3,2,1,1,0,2,5,0,18,2
5,2,1,4,2,5,3,2,2,3,5,1,0,2,0,3,8,0,0,2,3,2,5,3,5,9,19,0
4,0,1,4,2,8,3,5,7,3,5,0,0,2,2,3,8,1,0,2,2,1,4,2,4,12,16,5
2,1,1,1,3,9,0,5,9,2,5,7,0,0,3,2,8,1,2,2,1,0,3,2,5,9,17,0
1,1,1,4,2,7,3,5,5,2,5,7,0,1,0,3,8,0,0,2,0,1,0,2,5,1,21,10
3,1,1,4,2,0,3,5,7,5,5,1,2,0,3,2,0,1,0,2,1,1,0,2,5,9,15,4
4,2,1,4,1,10,3,5,6,1,5,7,0,0,3,2,8,1,1,2,3,2,5,3,5,8,18,0
4,0,1,3,0,8,2,5,9,4,5,0,0,0,0,2,8,0,0,2,3,2,5,3,5,2,21,4
2,1,1,1,4,9,0,3,7,2,5,7,0,0,2,2,8,0,1,2,0,0,2,1,5,9,18,0
1,1,1,4,2,0,3,5,8,2,5,7,0,2,2,2,1,0,3,4,2,1,4,2,4,8,15,1
3,1,1,4,2,7,3,5,6,3,5,0,0,0,0,2,1,1,3,2,2,1,4,2,5,2,20,4
1,0,1,4,3,7,3,1,3,2,5,7,0,2,0,3,8,0,0,2,0,1,0,1,5,10,21,1
4,1,1,4,2,7,2,5,7,3,5,0,0,2,3,3,8,1,1,2,2,1,4,2,5,12,16,6
1,0,1,4,2,9,3,4,7,1,5,7,0,3,0,3,8,1,0,2,0,0,0,2,5,3,21,9
3,0,1,4,2,0,3,0,7,5,5,1,0,0,0,2,8,1,2,2,0,1,4,2,5,3,20,2
2,0,1,3,2,0,2,1,7,4,5,7,0,2,2,3,8,1,3,3,2,1,4,2,5,10,18,6
3,0,1,4,1,7,3,1,7,1,5,7,0,2,0,2,8,1,0,2,0,0,0,2,5,10,19,7
2,0,1,4,1,14,0,4,7,2,5,0,0,0,2,2,2,1,1,2,3,2,5,3,5,9,20,1
1,0,1,4,1,5,3,4,4,2,5,7,0,0,0,2,8,0,0,2,1,1,0,2,5,0,19,9
3,0,1,2,3,5,3,3,1,2,5,7,0,1,1,2,8,0,0,2,1,1,0,1,5,14,19,0
0,1,1,1,2,6,1,5,3,1,5,1,0,0,2,2,8,0,0,2,0,1,0,2,5,1,18,1
3,1,1,4,2,12,3,5,6,4,5,1,0,1,3,3,8,1,1,2,2,0,0,2,2,0,17,3
3,0,1,4,1,6,3,4,7,3,5,1,0,1,1,2,8,1,3,3,0,0,1,2,5,3,18,3
4,1,1,4,3,6,1,1,1,4,5,1,0,1,0,2,8,0,1,2,1,1,4,2,5,4,20,1
3,0,1,4,1,2,3,3,8,2,5,1,0,3,1,4,8,0,1,2,0,1,1,1,5,2,14,5
3,1,1,4,2,8,3,5,8,4,5,2,0,3,3,3,8,1,1,2,3,2,5,3,5,13,15,4
4,1,1,4,2,6,1,5,7,3,5,0,0,1,3,3,8,1,1,2,1,1,3,2,5,12,17,6
2,1,1,4,2,12,3,5,6,5,5,1,1,1,3,2,8,1,1,2,2,0,0,2,3,0,18,3
2,0,1,3,1,5,3,4,8,1,5,1,0,2,2,3,8,0,2,2,0,1,2,2,5,2,16,3
1,0,1,2,0,3,3,1,0,4,5,4,0,1,3,2,8,1,2,1,0,1,2,2,5,10,14,0
2,0,1,1,2,0,0,3,8,4,5,7,0,0,2,2,8,1,3,2,1,0,2,2,5,10,18,3
2,1,1,1,3,10,0,5,8,2,5,6,0,0,3,2,7,1,2,2,1,0,3,2,5,9,18,0
4,0,1,1,0,1,0,5,11,4,5,0,0,0,0,2,8,0,0,2,3,2,5,3,5,1,21,3
4,0,1,4,2,5,3,2,7,4,6,1,0,1,3,2,8,1,0,2,3,2,5,3,5,9,16,3
3,1,1,2,1,5,3,3,6,4,5,3,0,1,3,2,1,1,1,2,0,1,1,2,5,10,6,10
3,1,1,1,1,0,0,5,8,1,5,0,0,0,0,2,1,1,3,2,0,0,1,2,5,7,20,6
0,1,1,1,2,6,3,5,5,0,5,2,0,0,2,2,8,0,0,2,0,1,1,2,5,1,17,0
2,2,1,3,1,1,3,4,8,2,5,1,0,0,0,2,8,1,1,2,0,1,2,2,5,0,3,7
2,0,1,4,1,0,0,4,8,6,5,6,0,0,1,2,8,1,3,2,2,1,4,2,5,3,18,2
1,1,1,2,2,6,3,2,2,3,5,1,0,0,3,2,8,1,0,0,1,1,0,2,5,9,13,1
4,1,1,3,2,8,3,4,6,3,5,2,0,2,3,3,8,0,0,2,3,2,5,3,5,12,15,6
2,1,1,2,2,0,3,5,6,2,5,7,0,1,1,2,1,0,0,2,3,2,5,3,5,7,21,3
2,2,1,4,2,0,3,5,10,4,5,2,0,0,3,2,8,0,0,2,1,0,1,2,5,9,13,9
2,0,1,4,1,0,2,1,9,4,2,7,0,0,2,2,8,1,3,2,1,0,1,2,5,3,18,2
2,0,1,3,1,7,3,2,6,4,5,7,0,0,2,2,8,1,3,2,1,1,0,2,5,0,18,3
2,1,1,4,2,13,3,5,6,4,5,2,1,0,3,2,8,1,2,2,2,1,1,2,5,0,19,0
4,1,1,4,0,14,3,1,8,4,5,6,0,0,3,2,8,1,0,2,0,0,0,1,5,10,13,2
3,0,1,0,2,0,3,3,7,2,5,0,0,0,0,2,8,1,0,9,0,0,0,2,5,2,21,3
4,2,1,4,1,10,3,5,6,1,5,7,0,0,3,2,8,1,1,2,3,2,5,3,5,7,18,0
0,1,1,1,1,5,3,1,6,0,5,1,0,0,3,2,8,1,1,8,0,1,0,2,5,1,13,0
2,2,1,4,2,7,3,5,8,3,5,6,0,0,0,2,8,1,0,2,1,0,0,2,5,10,0,1
3,0,1,4,1,0,3,2,8,6,5,1,0,0,0,2,8,1,3,6,2,1,4,2,5,0,21,3
2,0,1,4,1,6,3,5,5,1,2,7,0,1,1,3,4,0,1,1,0,1,0,2,5,0,19,10
2,0,1,4,1,0,3,1,5,4,5,7,0,3,3,3,8,1,3,3,2,1,4,2,5,10,17,5
4,0,1,4,2,8,2,5,11,2,5,0,0,0,0,2,8,1,0,2,1,0,2,2,1,10,20,4
5,1,1,2,1,8,3,4,6,2,5,4,0,1,3,2,8,0,0,2,3,2,5,3,5,11,12,7
2,0,1,3,4,8,2,1,3,2,5,7,0,2,0,3,8,0,0,2,0,0,0,1,5,9,20,0
3,0,1,4,1,0,3,4,6,3,5,1,0,3,2,4,3,0,2,4,0,1,0,1,5,2,14,5
2,0,1,4,1,14,1,4,7,2,5,0,0,0,1,2,4,1,1,2,3,2,5,3,5,9,20,1
3,0,1,4,2,8,3,5,11,2,5,0,0,0,0,2,8,1,0,2,1,1,2,2,1,9,20,3
3,0,1,4,1,5,3,4,8,2,5,1,0,3,3,4,8,1,2,2,0,0,2,2,4,2,16,5
2,1,1,4,1,11,1,3,7,2,5,3,0,0,0,2,8,0,2,3,0,0,0,2,5,3,0,3
2,2,1,3,1,0,3,4,8,2,5,1,0,0,0,2,8,1,1,2,0,1,2,2,5,0,3,7
3,0,1,4,2,1,3,0,7,5,5,1,0,0,1,2,8,1,1,2,1,1,4,2,5,4,19,2
3,1,1,4,2,11,3,1,9,1,1,1,0,1,0,2,3,1,1,2,3,2,5,3,5,14,4,8
3,0,1,4,1,9,3,2,2,1,5,1,0,0,3,2,1,1,3,2,0,1,3,2,5,0,11,3
1,0,1,4,0,7,3,1,9,2,5,5,0,0,0,2,8,0,0,2,0,1,1,2,4,11,22,5
4,0,1,4,3,5,3,5,6,3,5,0,0,0,0,2,1,0,0,0,0,1,0,1,5,3,20,8
1,0,1,2,2,7,3,5,5,5,5,1,0,1,3,2,8,1,1,0,1,0,2,2,5,14,14,2
2,2,1,1,3,10,0,5,8,2,5,7,0,0,3,2,8,1,1,2,1,0,3,2,5,9,18,0
5,1,1,4,2,4,3,1,3,4,5,1,0,2,0,3,8,0,0,2,3,2,5,3,5,8,19,0
4,0,1,4,0,8,3,5,8,3,5,1,0,0,0,2,8,0,1,2,3,2,5,3,5,2,22,5
4,0,1,4,2,6,3,3,7,4,5,1,0,2,3,3,8,1,0,2,3,2,5,3,5,11,16,4
2,0,1,4,1,0,1,3,9,5,3,7,0,0,2,2,8,1,3,2,2,1,3,2,5,3,18,2
3,1,1,3,2,9,3,4,6,4,5,2,0,3,3,4,8,1,1,2,1,0,0,2,2,0,16,6
4,0,1,4,2,9,3,4,7,4,5,1,0,2,3,3,8,1,0,2,2,1,4,2,5,13,16,5
2,1,1,2,3,7,1,5,7,2,5,3,1,0,3,2,8,1,0,2,0,0,1,2,5,9,16,2
2,0,1,3,2,0,2,1,7,4,5,7,0,2,2,3,8,1,3,3,2,1,4,2,5,10,18,6
3,0,1,4,2,6,3,5,6,4,5,1,0,0,0,2,4,0,1,1,0,0,0,1,5,4,20,5
4,1,1,3,0,5,3,1,6,0,5,5,0,2,3,2,0,1,1,8,2,1,4,2,5,9,12,3
5,1,1,4,2,8,3,2,8,2,5,1,0,0,2,2,2,1,0,3,2,0,3,2,1,9,5,10
5,2,1,1,2,14,3,5,6,4,5,3,0,0,1,2,8,1,0,2,3,2,5,3,5,4,16,9
0,0,1,2,2,6,3,5,4,4,5,2,0,0,3,2,8,1,0,0,0,0,1,2,5,14,11,0
2,1,1,4,2,5,3,5,6,1,5,1,1,0,3,2,8,1,0,2,0,0,1,2,5,9,13,3
4,1,1,3,2,8,3,4,6,3,5,3,0,1,3,3,8,0,0,2,3,2,5,3,5,11,13,7
4,0,1,4,2,4,3,1,4,4,6,1,0,1,1,2,8,0,0,2,3,2,5,3,5,8,18,1
1,1,1,4,3,9,3,5,6,2,5,7,0,2,0,3,7,0,0,2,0,1,0,2,5,3,21,9
1,1,1,2,1,1,3,4,9,3,5,1,0,0,3,2,8,0,0,2,0,0,2,2,5,9,10,7
2,0,1,0,2,0,0,3,8,4,5,7,0,0,2,2,8,1,3,2,1,0,1,2,5,10,18,2
1,1,1,4,0,3,3,3,4,3,5,7,0,0,0,2,8,0,0,2,1,1,0,2,5,0,19,9
0,2,1,4,3,4,3,0,7,5,5,1,2,0,3,2,8,1,0,4,2,1,4,2,5,15,16,2
2,0,1,4,2,2,3,5,6,2,5,4,0,1,0,3,1,0,1,2,3,2,5,3,5,4,21,1
3,0,1,4,0,12,0,3,8,5,5,1,0,0,0,2,8,0,0,4,2,0,4,2,2,0,22,6
6,0,1,3,1,6,3,2,7,1,3,4,0,1,1,2,6,0,0,2,3,2,5,3,5,10,8,10
4,0,1,4,0,12,3,2,7,3,5,3,0,0,3,2,8,1,0,2,1,0,3,1,5,11,17,1
6,0,1,4,2,6,3,4,8,2,5,7,0,0,3,2,8,2,1,4,1,1,0,2,5,10,16,0
3,2,1,1,3,2,3,3,8,5,5,2,0,0,3,2,8,0,0,2,0,0,1,2,5,9,13,9
5,2,1,4,1,14,3,5,7,3,5,7,0,0,3,2,8,1,0,2,3,2,5,3,5,4,16,7
6,0,1,4,2,4,3,4,8,2,5,7,0,0,3,2,8,2,1,5,1,1,0,2,5,10,16,0
5,2,1,4,1,8,3,4,5,2,5,5,0,0,2,2,8,0,0,2,3,2,5,3,5,9,18,0