Day_of_week,Age_band_of_driver,Sex_of_driver,Educational_level,Driving_experience,Type_of_vehicle,Owner_of_vehicle,Service_year_of_vehicle,Area_accident_occured,Lanes_or_Medians,Road_allignment,Types_of_Junction,Road_surface_type,Road_surface_conditions,Light_conditions,Weather_conditions,Type_of_collision,Number_of_vehicles_involved,Number_of_casualties,Vehicle_movement,Casualty_class,Sex_of_casualty,Age_band_of_casualty,Casualty_severity,Pedestrian_movement,Cause_of_accident,Hour,Minute
3,0,1,4,0,7,3,3,6,0,5,1,0,0,3,2,2,1,0,2,0,1,1,2,5,0,12,6
6,2,1,4,3,0,3,2,7,1,5,7,0,1,3,2,8,1,0,2,0,1,0,2,5,10,16,3
1,2,1,4,3,0,3,2,7,4,3,0,0,0,3,2,8,1,0,5,0,0,0,2,5,13,15,7
0,3,1,4,2,0,3,3,3,4,5,0,0,0,3,2,2,1,0,2,0,0,1,2,5,3,18,9
4,0,1,4,2,4,3,1,6,2,5,7,0,0,3,2,8,1,0,2,0,1,1,2,5,3,14,5
2,2,1,4,2,0,3,3,6,4,5,7,0,0,3,2,8,0,0,3,3,2,5,3,5,10,7,7
1,0,0,2,0,0,3,2,4,6,5,2,0,0,3,2,8,1,0,7,1,0,0,2,5,1,12,5
4,3,1,4,3,6,1,5,6,2,5,5,0,3,0,3,8,1,0,2,0,0,1,2,5,1,18,4
5,0,1,0,2,0,3,4,7,2,5,1,0,0,2,2,8,0,0,2,0,0,1,1,5,0,17,6
4,2,1,4,1,0,3,4,9,2,5,2,0,0,3,2,8,1,1,0,1,1,0,2,5,12,13,10
2,0,1,1,3,0,3,5,7,2,5,7,0,0,3,2,1,1,0,2,0,0,0,2,5,8,16,1
0,3,1,4,3,9,0,4,7,0,5,1,0,0,3,2,8,0,0,2,0,1,0,2,5,14,16,3
5,2,1,4,2,0,3,5,6,2,5,7,0,2,3,2,8,0,0,8,3,2,5,3,5,3,16,0
4,0,1,0,1,0,3,5,6,2,5,7,1,0,3,2,8,0,0,2,0,0,0,2,5,9,17,10
0,0,1,3,0,6,3,2,7,2,5,2,0,0,3,2,8,0,0,2,2,0,2,1,0,10,13,2
3,3,1,5,3,3,1,2,6,2,5,7,0,0,3,2,8,1,0,2,0,1,1,2,5,7,12,0
6,0,1,2,2,9,3,3,7,6,5,4,0,1,3,2,0,0,0,2,1,1,2,2,5,14,7,4
5,1,1,1,2,2,3,5,6,1,5,7,0,0,1,1,8,1,1,2,0,0,0,2,4,0,16,9
5,0,1,3,0,8,3,5,6,4,5,1,0,3,3,2,1,0,0,2,1,1,4,2,5,17,7,6
5,1,1,2,2,4,3,5,6,2,5,7,0,1,3,2,8,2,0,2,3,2,5,3,5,10,10,3
1,0,1,1,2,7,3,3,6,2,5,7,0,0,3,2,8,1,0,1,3,2,5,3,5,12,11,2
1,0,1,4,2,10,3,5,6,3,5,1,0,0,3,2,8,0,0,10,1,0,1,2,2,9,13,5
3,1,1,1,3,8,3,5,6,4,5,1,0,0,3,2,6,1,0,2,0,1,0,2,5,2,11,6
2,0,1,4,0,12,3,1,6,2,5,1,0,0,3,2,1,0,0,5,0,1,2,2,5,2,14,8
1,1,1,3,2,8,3,5,4,1,5,7,0,0,3,2,8,1,0,2,1,0,0,2,5,3,14,9
0,2,1,3,0,5,0,4,7,2,5,7,0,1,1,2,8,1,1,4,0,1,0,1,5,11,22,1
0,2,1,4,1,7,3,5,6,3,5,0,0,0,0,2,8,2,4,1,0,0,0,2,5,10,20,10
2,0,1,4,3,0,3,5,7,2,5,7,0,0,0,2,8,1,0,2,3,2,5,3,5,11,16,4
3,0,1,1,2,1,3,3,6,6,6,0,0,0,3,2,8,0,0,7,0,1,0,2,5,10,8,3
0,0,1,4,2,6,3,4,6,3,5,2,0,0,3,2,8,0,0,7,3,2,5,3,5,12,13,0
6,0,1,2,2,5,3,5,7,4,5,1,0,0,1,2,8,0,0,7,0,0,2,2,5,0,20,2
0,2,1,4,1,6,3,5,9,2,5,3,0,0,3,2,2,1,0,2,3,2,5,3,5,13,12,8
1,1,1,2,1,9,3,0,6,2,5,7,0,0,3,2,8,1,0,2,3,2,5,3,5,2,20,1
4,4,1,4,3,2,3,1,9,2,5,1,0,0,0,2,8,1,0,2,0,1,1,2,5,2,0,7
2,0,1,2,2,5,3,5,6,2,5,0,0,0,0,2,8,0,0,7,1,1,3,2,5,1,22,1
2,1,1,4,0,0,3,4,6,2,5,7,0,1,3,2,2,0,0,2,3,2,5,3,5,10,13,6
2,3,1,4,3,8,3,1,2,4,5,1,0,0,3,2,8,2,2,3,0,0,0,2,5,0,19,6
0,1,1,4,1,0,3,4,7,4,5,0,0,3,0,4,8,1,0,2,1,1,4,2,5,2,5,7
3,2,1,4,0,0,0,0,6,4,5,7,0,3,0,2,8,1,1,2,2,1,4,2,5,10,16,5
5,1,1,1,1,2,3,5,9,3,5,1,0,0,3,2,8,1,0,3,0,0,0,2,5,10,9,1
2,1,1,4,1,6,3,5,6,2,5,1,0,0,3,2,8,1,0,2,1,0,2,2,5,9,13,7
0,1,1,2,0,6,3,5,7,1,5,7,0,0,3,2,6,1,0,2,0,0,0,2,5,14,8,9
3,1,1,4,1,0,3,1,6,4,3,0,0,0,3,2,0,0,0,2,0,0,1,2,5,13,9,9
3,3,1,1,2,8,3,2,2,6,5,5,0,0,3,2,8,3,2,2,1,1,0,2,5,9,13,0
1,1,0,4,2,3,2,4,7,2,5,1,0,0,3,2,2,1,0,6,3,2,5,3,5,3,10,3
0,0,1,4,1,7,1,5,9,5,5,0,0,0,0,2,5,0,0,2,0,0,1,2,5,2,0,1
1,0,1,4,2,14,3,5,6,0,5,7,0,0,3,2,8,1,0,2,0,0,1,2,5,12,12,2
5,0,1,1,1,2,3,5,7,3,5,1,0,0,1,2,8,0,0,7,1,0,3,1,5,0,19,5
0,2,1,3,0,0,3,4,9,2,5,7,0,0,1,2,1,0,0,2,3,2,5,3,5,11,21,10
5,2,1,2,2,0,3,5,7,4,5,7,0,0,3,2,3,0,0,8,2,1,4,2,3,0,8,4
3,0,1,2,1,4,3,1,6,3,5,1,0,0,0,2,8,0,1,9,1,1,2,2,5,2,1,1
4,3,1,1,2,6,3,5,6,4,5,1,0,0,3,2,8,1,0,2,2,1,3,2,5,4,17,6
1,0,1,4,2,0,0,5,7,2,5,1,0,0,0,2,8,0,0,2,0,0,0,2,5,6,2,2
3,0,1,1,2,6,3,0,5,3,5,7,0,0,3,2,8,1,0,2,0,1,1,2,5,0,14,10
3,1,1,2,2,7,3,4,7,6,5,7,0,3,0,3,8,0,0,2,3,2,5,3,5,10,20,0
2,1,1,4,1,12,3,4,6,2,5,2,0,0,3,2,1,0,0,2,3,2,5,3,5,7,12,6
0,1,1,4,2,0,3,5,5,4,5,7,0,2,3,2,6,1,0,2,0,1,0,2,5,9,14,6
6,1,1,2,3,3,3,4,7,1,5,7,0,1,0,5,8,0,0,2,3,2,5,3,5,11,18,3
0,1,1,4,1,6,3,5,6,1,5,1,0,0,3,2,8,1,0,2,2,1,2,2,3,9,13,7
1,0,1,4,2,0,3,5,6,2,5,0,0,0,3,2,8,1,0,3,3,2,5,3,5,5,14,7
4,2,1,4,2,6,3,5,6,1,5,4,0,1,0,3,8,0,0,2,0,0,1,2,5,0,17,4
1,2,1,1,2,11,1,5,6,0,5,7,0,0,0,5,6,0,0,2,0,1,0,2,5,4,20,3
2,0,1,3,2,10,3,2,8,4,5,1,0,0,0,2,2,0,1,1,2,1,4,2,5,2,2,2
4,1,1,3,2,0,3,4,4,2,5,7,0,0,3,2,8,0,0,2,0,1,0,2,5,1,6,6
4,2,1,0,3,0,3,5,6,2,5,7,0,2,3,2,8,1,0,2,0,0,0,2,5,13,10,0
4,1,0,2,1,12,3,4,6,2,4,1,1,0,3,3,8,0,0,2,0,1,0,1,5,12,8,8
3,0,1,2,1,9,3,5,7,2,5,0,0,0,0,2,5,0,0,2,0,1,0,2,5,2,0,0
5,1,1,2,3,2,3,5,6,2,5,7,0,0,3,2,8,1,0,2,3,2,5,3,5,16,16,8
1,0,0,4,2,10,0,0,7,3,5,7,0,0,3,2,7,1,0,2,3,2,5,3,5,11,17,0
0,1,1,1,2,0,3,4,6,4,5,1,0,3,3,3,8,0,0,2,3,2,5,3,5,10,15,6
3,2,1,4,1,0,3,3,6,3,5,7,0,1,3,2,2,0,0,2,3,2,5,3,5,10,14,6
6,1,1,4,0,5,3,3,8,1,5,0,0,3,0,2,0,1,0,2,0,1,1,2,5,14,18,10
0,3,1,4,1,0,2,2,8,5,5,7,0,0,3,2,8,0,0,6,0,1,0,2,5,14,17,6
5,1,1,2,0,6,3,3,7,2,5,0,0,3,0,2,0,1,0,2,0,1,2,2,5,14,18,9
4,0,0,4,2,11,1,2,8,2,5,7,0,0,3,2,6,1,0,2,3,2,5,3,5,10,20,2
5,0,1,5,4,0,3,5,6,0,5,3,0,0,3,2,1,1,0,2,1,1,3,2,5,0,14,7
2,2,0,4,3,6,3,5,6,2,5,1,0,3,1,2,2,0,0,2,0,0,0,2,5,11,14,1
5,1,1,2,1,7,3,3,6,2,5,7,0,0,3,2,8,2,1,2,0,1,1,2,5,1,7,1
2,1,1,4,1,13,3,1,6,2,5,1,0,0,3,2,1,0,0,7,1,1,4,2,5,4,14,8
2,0,1,3,2,4,3,4,6,5,5,1,0,0,3,2,7,0,0,9,0,1,0,2,5,9,7,2
5,0,1,1,3,5,3,2,6,2,5,0,0,1,1,2,8,1,0,2,0,1,1,2,5,11,21,3
5,0,1,4,2,5,3,2,5,3,4,7,0,0,3,2,8,2,1,2,0,1,0,2,5,11,7,4
2,2,1,4,2,8,3,1,8,1,5,1,0,0,3,2,8,0,0,2,0,0,0,2,5,0,14,5
2,2,1,1,2,0,3,1,8,1,5,0,0,0,3,2,1,0,0,2,1,0,3,2,5,7,14,4
6,2,1,4,2,0,3,1,7,2,5,0,0,1,3,2,8,1,0,2,0,1,1,1,3,9,9,7
4,1,1,4,2,13,3,5,5,2,5,1,0,0,3,2,8,1,0,2,2,0,0,2,5,3,8,3
1,0,1,4,0,2,3,2,8,3,5,7,0,0,3,2,2,1,0,9,0,1,0,2,5,9,16,6
5,1,1,4,2,0,3,4,1,1,5,7,1,2,3,3,8,0,0,8,3,2,5,3,5,9,10,10
0,0,1,4,2,14,3,5,7,2,5,7,0,0,3,2,8,1,0,2,1,1,3,2,5,12,12,3
1,0,1,1,0,0,3,5,7,2,5,0,0,0,3,2,2,1,0,6,3,2,5,3,5,12,8,7
3,1,1,1,3,3,3,5,6,3,5,7,0,0,0,2,1,1,0,7,3,2,5,3,5,10,19,2
0,1,1,4,2,7,3,5,6,1,5,1,0,0,3,2,8,1,0,2,1,0,0,2,2,9,13,7
1,2,1,2,2,0,3,0,6,4,5,1,0,0,3,2,8,0,1,2,0,1,1,2,5,0,14,9
4,2,1,4,2,9,0,2,7,3,5,1,0,3,3,4,8,1,0,2,0,1,1,2,5,0,13,0
2,0,1,4,0,7,1,5,7,0,5,7,0,0,3,2,8,0,0,2,3,2,5,3,5,12,17,8
0,1,0,4,2,13,3,1,7,2,5,2,0,3,3,2,8,1,0,1,1,0,2,2,5,9,13,7
3,0,1,1,0,7,3,1,6,2,5,7,0,0,3,2,8,0,0,3,0,1,1,2,5,1,16,9
3,1,1,4,1,10,3,5,7,3,5,0,0,0,3,2,8,0,0,2,1,0,0,2,2,9,16,10
5,2,1,3,2,3,3,0,5,2,5,7,0,0,3,2,8,0,0,2,0,0,0,2,5,4,13,1
5,1,1,4,1,6,1,5,9,2,5,1,0,1,3,2,8,0,0,2,3,2,5,3,5,10,13,9
0,0,1,4,3,9,3,0,6,5,5,1,0,0,3,2,8,0,0,2,1,1,0,2,1,9,7,10
4,0,1,4,2,4,3,1,6,2,5,7,0,0,3,2,8,1,0,2,0,1,0,2,5,3,15,6
0,1,1,1,1,6,3,1,6,0,5,1,0,1,3,2,1,1,1,2,3,2,5,3,5,10,17,4
0,1,1,2,2,13,1,4,8,2,4,7,0,0,3,2,8,1,0,1,3,2,5,3,5,10,17,1
0,1,1,4,3,4,3,5,6,2,5,7,0,0,3,2,7,1,0,1,0,1,0,2,5,10,15,2
4,0,1,2,2,0,3,3,6,2,5,7,0,0,1,2,8,1,0,2,2,0,4,1,0,10,19,6
5,1,1,2,3,11,3,3,11,6,5,1,0,0,3,2,8,0,0,2,1,0,2,1,6,10,15,10
1,1,1,4,1,5,3,5,6,2,5,6,0,0,3,2,8,0,0,2,0,1,0,0,5,0,8,9
1,1,1,4,1,5,3,0,6,4,4,7,0,0,3,2,7,0,0,2,1,0,3,1,5,10,12,6
0,2,1,4,1,6,3,1,6,2,5,7,0,0,3,2,8,0,0,2,2,1,4,2,5,10,11,9
5,1,1,2,1,5,3,3,6,2,5,7,0,0,3,2,8,0,0,2,3,2,5,3,5,2,16,5
4,0,1,3,1,5,3,5,7,2,5,7,0,0,3,2,7,1,0,8,0,0,0,2,5,9,19,3
4,1,1,4,0,0,3,5,2,3,5,5,0,0,3,2,7,0,1,2,0,1,0,2,5,11,19,3
5,1,1,1,1,14,3,4,6,3,5,6,3,0,3,2,8,0,0,2,1,1,0,2,2,10,8,5
5,1,1,3,1,6,3,1,6,2,5,0,0,0,3,2,2,1,0,2,0,1,4,2,5,16,8,5
1,0,1,4,1,1,1,5,3,1,5,7,1,0,1,2,8,1,0,2,2,1,4,2,5,9,8,1
4,1,1,4,1,10,3,4,7,1,5,7,0,0,3,2,7,0,0,1,0,0,0,2,5,0,8,9
4,0,1,4,4,0,1,2,2,1,5,3,0,0,3,2,1,0,0,2,0,0,0,2,5,0,11,6
0,1,1,3,3,2,3,5,6,2,5,7,0,0,2,2,1,0,0,0,0,0,0,2,5,10,16,5
2,1,1,4,3,14,3,3,6,5,5,0,0,0,0,2,8,0,0,2,0,0,0,2,5,5,19,8
5,0,1,2,2,5,1,1,7,2,5,1,0,3,0,2,8,1,1,2,1,1,3,2,5,10,22,3
1,0,1,4,0,3,3,4,6,1,5,2,0,0,3,2,8,0,0,3,3,2,5,3,5,10,13,0
0,0,1,4,2,0,3,5,5,4,5,7,0,2,3,2,6,0,0,2,0,1,0,2,5,8,14,6
5,1,1,5,3,0,3,5,7,1,5,2,0,0,3,2,2,1,0,2,1,0,2,2,5,0,14,7
0,4,0,1,2,5,2,5,7,2,5,7,0,0,0,2,8,1,0,2,0,1,3,1,5,11,18,0
5,1,1,4,1,0,3,3,7,1,5,7,1,0,3,2,8,1,0,0,1,0,0,2,5,15,18,9
5,3,0,4,0,8,3,5,7,1,5,7,0,0,3,2,8,0,0,3,2,1,4,2,4,0,8,6
1,0,0,2,1,0,3,5,7,4,5,1,0,2,0,2,8,0,0,2,0,0,0,2,5,11,19,10
4,1,1,4,1,1,3,1,5,0,5,7,0,0,3,2,8,0,0,3,3,2,5,3,5,7,15,9
2,2,1,4,2,6,1,1,6,4,5,7,0,0,3,2,8,1,0,1,3,2,5,3,5,3,14,1
3,2,1,4,1,0,3,5,7,4,5,7,0,0,3,3,8,1,1,3,0,1,2,2,5,13,15,1
2,0,1,4,1,13,3,5,8,1,5,7,0,2,0,3,8,1,1,2,2,0,0,1,0,16,15,1
0,2,1,2,1,1,3,5,6,4,5,0,0,0,3,2,1,1,0,2,2,1,4,2,5,0,15,3
3,2,1,4,2,1,3,3,4,2,5,1,0,0,3,2,8,2,1,8,0,1,3,2,5,9,18,2
0,0,1,1,1,8,3,4,6,4,5,7,0,2,3,3,8,1,0,2,3,2,5,3,5,5,17,8
1,4,1,4,1,5,0,5,8,2,5,7,0,0,3,2,8,0,0,2,0,1,0,1,5,11,21,1
2,1,1,4,1,6,3,5,5,3,5,1,0,3,3,2,1,1,0,2,0,1,0,2,5,11,13,0
0,0,1,2,2,6,3,3,7,2,5,7,0,2,3,3,7,0,1,7,3,2,5,3,5,2,18,6
1,2,0,4,1,7,3,2,5,2,6,1,1,1,1,4,2,0,0,5,0,0,0,2,5,3,16,0
6,0,1,2,3,6,3,0,6,3,5,1,0,0,3,2,8,1,0,3,1,1,0,2,5,10,15,3
5,3,1,1,2,5,3,1,8,3,5,7,0,3,2,3,8,0,0,2,3,2,5,3,5,11,22,1
4,2,1,1,1,9,3,5,8,6,5,1,0,0,3,2,8,0,0,2,1,0,0,2,0,10,14,9
0,0,1,4,0,8,3,5,7,2,5,1,0,3,3,3,8,0,1,3,1,1,4,2,5,11,11,9
3,2,1,4,2,0,2,1,8,3,3,1,0,0,3,2,8,0,0,2,3,2,5,3,5,12,14,9
5,1,1,4,2,8,3,5,12,2,5,1,0,0,3,4,2,1,0,7,1,1,4,2,5,2,16,6
4,1,1,2,1,4,3,5,6,2,5,6,0,0,3,2,2,1,0,2,2,0,3,0,1,0,11,1
5,1,1,1,1,0,3,5,11,3,5,1,0,0,3,2,8,1,0,4,0,0,0,2,5,10,8,1
1,1,1,4,1,8,3,1,8,1,5,0,0,0,3,2,8,0,0,2,0,0,0,2,5,5,16,8
0,1,1,3,1,9,3,1,2,1,5,2,0,0,3,2,8,1,0,2,2,1,2,2,3,2,7,0
4,0,1,4,2,0,2,4,7,2,5,7,0,3,2,2,8,1,0,2,2,1,4,2,5,9,15,6
4,0,1,1,2,4,3,0,7,2,5,0,0,2,0,2,8,0,0,2,2,1,4,2,5,2,7,0
4,0,1,4,2,14,3,5,6,2,5,1,0,0,3,2,8,0,0,2,1,1,0,2,5,3,8,3
2,1,1,4,4,11,3,5,6,2,5,7,0,0,0,2,8,1,1,2,0,0,0,2,5,3,16,6
1,0,1,4,1,0,2,4,7,4,5,1,0,2,0,3,8,0,0,2,0,1,3,2,5,1,20,0
2,1,1,4,0,0,3,2,7,2,5,0,0,1,0,3,8,1,2,2,3,2,5,3,5,10,17,4
5,0,1,4,3,5,3,5,6,1,5,1,0,0,0,2,8,0,0,6,0,1,1,2,5,1,20,3
3,1,1,1,3,4,3,4,6,2,5,0,0,0,0,2,8,0,0,2,2,1,4,2,5,0,17,0
0,0,1,2,1,3,3,4,9,2,4,2,0,0,0,2,1,1,0,2,0,0,0,2,5,14,21,0
0,1,1,2,0,0,3,1,9,4,5,4,0,3,2,2,8,0,0,2,3,2,5,3,5,10,16,5
1,2,1,4,1,7,3,5,5,2,5,7,0,0,3,2,8,1,0,2,1,0,0,1,5,2,13,9
3,0,1,1,1,0,1,1,4,2,5,0,0,0,3,2,8,2,0,2,2,1,4,2,5,0,17,5
5,2,1,3,0,0,3,5,5,3,5,7,0,0,2,2,8,1,0,4,1,1,3,2,5,11,16,0
1,0,1,1,1,7,3,0,6,4,5,7,0,0,3,2,0,1,0,3,1,0,1,2,5,0,13,6
4,3,1,4,3,8,3,1,6,2,5,1,0,3,0,2,1,0,1,2,2,1,1,2,5,2,17,7
2,0,1,4,3,5,3,2,9,1,5,7,0,0,3,0,8,1,0,2,3,2,5,3,5,9,13,8
2,1,0,3,2,8,3,1,7,3,5,7,0,0,0,2,1,0,0,2,1,0,3,1,5,0,20,3
5,1,1,4,3,0,3,5,6,5,5,7,0,0,3,2,8,0,0,6,2,1,4,2,5,9,16,0
5,2,1,2,2,3,3,0,5,3,5,7,0,1,3,2,8,0,0,5,0,0,0,2,5,1,14,1
5,1,1,2,2,0,3,0,6,2,5,0,0,0,3,2,8,0,0,2,2,1,3,2,5,12,9,1
1,0,1,2,0,0,3,2,5,2,5,7,0,0,0,2,8,1,1,2,0,1,0,1,5,10,22,3
2,2,0,4,1,7,3,5,8,3,5,0,0,0,0,2,2,0,0,3,0,1,0,2,5,1,2,0
0,1,1,1,1,14,3,5,6,5,5,1,0,0,3,2,6,1,0,9,3,2,5,3,5,3,8,8
0,0,1,4,1,0,2,5,2,1,5,7,2,0,0,2,8,1,0,2,2,1,4,2,5,9,7,1
4,1,1,2,1,10,3,5,6,3,5,1,0,1,3,2,2,0,0,2,1,1,4,2,5,16,6,5
2,3,1,2,2,0,3,0,6,2,5,7,0,2,0,3,8,0,1,2,0,1,0,2,5,9,1,2
1,0,1,3,2,4,0,0,8,2,5,7,0,0,3,2,8,1,0,2,0,0,0,2,5,9,12,10
0,0,1,4,3,7,3,5,7,5,5,7,0,2,0,3,8,0,1,2,3,2,5,3,5,3,21,0
4,0,0,4,2,14,3,5,6,0,5,1,0,0,2,2,7,1,1,2,3,2,5,3,5,9,17,1
5,2,1,4,2,4,0,4,5,2,5,7,0,2,0,2,8,1,0,2,0,1,0,2,5,3,18,7
0,2,1,4,1,4,3,5,6,1,5,4,0,0,3,2,8,1,0,2,0,1,0,0,5,1,10,8
1,2,1,1,1,5,0,5,12,0,5,1,1,0,3,2,8,0,0,2,3,2,5,3,5,10,10,11
2,0,1,1,1,5,3,5,7,4,5,7,1,0,1,2,8,0,0,2,0,1,2,2,5,3,20,8
3,2,1,5,4,3,1,2,4,2,5,7,0,0,3,2,8,1,0,2,0,1,0,2,5,10,11,0
0,1,1,4,3,0,3,5,6,4,5,1,0,0,3,2,8,0,0,3,1,0,0,2,5,9,14,7
5,1,1,2,2,0,3,2,9,3,5,0,0,0,0,2,8,0,0,2,1,0,1,1,5,9,19,3
1,2,1,4,0,4,3,2,11,5,5,1,0,0,3,2,8,1,0,2,1,0,0,2,1,1,7,7
1,0,1,4,5,0,3,0,6,4,5,7,0,0,3,2,8,1,0,2,0,0,0,2,5,9,16,10
4,0,1,4,3,0,3,5,6,0,5,0,3,0,3,2,8,1,0,2,3,2,5,3,5,12,16,8
4,2,1,4,1,10,3,1,6,1,5,7,0,0,3,2,8,1,0,2,0,1,0,2,5,12,16,6
4,2,1,4,2,9,3,2,7,3,5,7,0,0,3,2,7,0,0,2,3,2,5,3,5,2,9,2
0,2,1,4,1,1,3,4,7,2,5,0,0,0,3,2,7,2,4,2,3,2,5,3,5,1,19,3
2,0,1,3,1,7,3,4,6,2,5,0,0,0,3,2,3,1,0,9,0,1,0,2,5,9,8,4
1,0,1,0,0,4,3,2,5,4,5,0,0,0,3,2,1,0,0,2,1,0,2,2,5,1,15,6
2,0,1,0,2,6,3,0,4,2,5,1,0,1,0,2,1,0,1,1,1,1,3,2,5,2,1,0
0,0,1,4,2,7,3,1,6,0,5,1,0,0,0,2,0,0,0,3,2,1,3,2,1,9,19,2
5,1,1,2,2,5,3,5,7,2,5,7,0,0,3,2,7,1,1,2,0,0,0,2,5,0,16,8
0,1,1,4,3,1,3,5,6,1,5,7,0,0,3,2,8,1,0,2,1,1,3,2,5,16,6,10
0,3,0,2,4,5,3,4,7,3,5,0,0,0,1,2,1,0,0,2,1,0,2,1,5,1,21,2
4,0,1,4,4,7,3,0,6,1,5,1,0,0,3,2,8,1,0,3,1,1,1,2,5,10,15,4
2,0,1,4,2,2,3,5,6,4,5,7,0,0,3,2,0,0,0,2,0,0,3,2,5,0,16,3
0,1,1,2,2,12,3,1,7,1,5,6,0,0,2,2,8,1,0,2,2,1,4,2,5,1,19,3
5,0,1,1,1,6,3,1,5,3,5,1,0,1,3,3,8,1,0,4,0,0,0,2,5,10,15,2
4,3,1,3,2,6,3,1,9,3,5,1,0,0,2,2,8,1,3,2,0,1,1,2,5,10,19,7
6,2,1,3,0,7,3,4,8,6,4,0,0,0,3,3,8,1,0,2,1,1,0,1,1,0,13,0
4,0,1,1,2,4,3,4,7,4,5,1,0,2,0,2,8,1,0,2,3,2,5,3,5,15,19,3
3,0,1,4,2,14,3,5,9,2,5,0,0,0,3,2,8,1,1,2,1,1,0,2,5,16,17,2
0,1,1,2,2,0,3,5,7,2,5,0,0,0,1,2,8,0,1,2,3,2,5,3,5,1,19,6
6,0,1,4,1,6,3,5,6,2,5,1,0,1,3,4,2,1,0,2,1,1,2,2,5,10,7,2
6,0,1,1,3,10,3,3,11,5,5,1,0,0,3,2,8,0,0,2,2,1,2,1,6,10,16,10
0,3,1,4,0,4,0,5,9,0,5,1,0,0,3,6,2,0,0,2,3,2,5,3,5,11,9,8
1,1,1,4,1,2,3,3,6,4,5,0,0,0,3,2,8,1,0,2,0,1,1,2,5,14,6,9
4,1,1,3,2,12,3,5,6,3,5,7,0,0,3,2,8,0,1,1,0,0,0,2,5,3,16,5
4,1,1,4,1,0,3,1,7,1,5,7,0,3,2,4,8,0,0,2,0,0,0,2,5,14,11,9
2,2,1,1,2,0,3,1,8,1,5,0,0,0,3,2,1,0,0,2,1,0,3,2,5,7,14,4
5,1,1,3,0,9,3,5,6,2,5,2,0,2,3,2,8,1,0,2,0,0,0,2,5,2,17,1
5,1,1,4,2,0,3,5,6,3,6,1,0,0,3,2,3,1,0,3,3,2,5,3,5,10,7,4
1,1,0,1,2,4,0,3,9,5,5,7,0,0,2,2,1,0,2,2,2,1,4,2,5,1,14,10
0,1,1,1,1,13,3,5,6,4,5,0,0,0,3,2,6,1,0,9,2,1,4,2,5,3,7,8
0,0,1,3,2,11,1,4,7,4,5,7,0,0,3,2,8,0,0,2,2,0,3,2,2,9,15,0
2,0,1,4,2,0,3,4,4,4,5,0,0,0,3,2,8,1,0,2,1,0,3,2,5,0,17,4
1,0,1,4,2,5,3,3,2,6,5,7,0,0,1,2,8,1,0,2,3,2,5,3,5,9,19,0
4,0,1,4,2,2,3,5,6,2,5,7,0,0,3,2,0,1,0,2,0,1,0,2,5,0,12,11
0,0,1,4,4,6,2,4,7,3,5,7,0,0,3,2,8,1,0,2,0,0,2,2,5,10,10,0
6,1,1,1,1,8,3,3,3,1,4,1,0,0,3,2,8,1,0,2,3,2,5,3,5,9,15,3
1,1,1,4,1,0,3,1,6,2,6,0,0,0,1,2,6,1,3,2,0,0,1,2,5,12,20,4
1,0,1,4,0,2,3,4,6,3,5,7,0,0,3,2,8,1,0,3,0,1,1,2,5,0,14,3
4,2,0,2,2,11,3,4,6,2,3,1,1,0,3,5,8,0,0,2,0,1,0,1,5,12,8,8
3,3,1,1,2,7,3,1,2,5,5,5,0,0,3,2,8,2,1,2,1,1,0,2,5,10,12,0
1,2,1,1,1,4,3,4,6,1,3,1,0,0,3,2,8,0,0,2,0,0,1,2,5,10,9,11
2,0,0,4,2,12,3,3,8,2,5,5,0,0,1,2,8,0,0,10,0,1,1,2,5,1,17,10
5,3,1,4,1,0,3,1,7,4,5,1,0,3,3,3,8,1,1,2,2,1,4,2,5,1,5,9
1,2,1,4,1,0,3,0,2,1,5,7,0,0,2,2,8,0,0,2,3,2,5,3,5,5,20,4
2,0,1,4,4,3,3,4,3,2,5,7,0,0,3,2,8,1,0,2,3,2,5,3,5,11,18,7
3,3,1,4,2,1,0,0,2,4,5,1,0,0,3,3,2,2,2,2,3,2,5,3,5,0,11,0
4,3,1,1,3,5,3,5,8,2,5,1,0,0,2,2,6,0,3,2,3,2,5,3,5,10,23,8
2,1,1,2,0,2,3,3,8,4,5,5,0,0,3,2,8,2,1,2,0,0,1,2,5,16,11,0
3,0,1,3,2,12,3,5,7,4,5,1,0,0,3,2,8,2,2,2,0,0,0,2,5,9,20,2
0,0,1,4,2,0,0,4,7,4,5,7,0,0,3,2,8,1,0,2,0,0,0,2,5,0,7,4
2,1,1,4,2,6,1,0,6,5,5,7,0,0,3,2,8,1,0,1,3,2,5,3,5,3,14,2
1,1,1,4,2,5,3,0,6,3,5,7,0,0,3,1,8,0,0,2,2,0,3,1,5,10,12,6
0,0,1,3,1,0,3,5,5,6,5,5,0,2,0,3,1,1,0,2,1,1,2,2,5,3,20,1
0,2,1,1,0,6,3,5,9,2,5,1,0,0,3,2,6,1,0,2,2,1,4,2,5,1,11,7
1,0,1,4,4,0,3,5,6,5,5,1,0,0,3,2,8,0,0,2,0,0,0,2,5,11,11,9
2,2,1,4,3,5,3,5,6,3,5,7,0,0,3,2,2,1,0,2,3,2,5,3,5,3,11,6