Day_of_week,Age_band_of_driver,Sex_of_driver,Educational_level,Driving_experience,Type_of_vehicle,Owner_of_vehicle,Service_year_of_vehicle,Area_accident_occured,Lanes_or_Medians,Road_allignment,Types_of_Junction,Road_surface_type,Road_surface_conditions,Light_conditions,Weather_conditions,Type_of_collision,Number_of_vehicles_involved,Number_of_casualties,Vehicle_movement,Casualty_class,Sex_of_casualty,Age_band_of_casualty,Casualty_severity,Pedestrian_movement,Cause_of_accident,Hour,Minute
4,0,1,1,1,5,3,0,5,2,5,1,0,1,1,2,8,0,0,2,3,2,5,3,5,2,7,0
4,0,1,2,1,7,3,5,1,2,5,4,0,0,3,5,1,1,0,2,0,1,0,2,5,14,13,10
2,3,1,4,2,0,3,4,7,0,5,0,0,3,3,2,7,0,0,2,0,1,0,1,5,0,7,6
4,0,1,1,1,0,3,5,6,1,5,7,2,0,3,2,8,0,0,2,0,0,0,2,5,10,18,9
4,2,1,4,4,0,2,4,2,0,5,5,0,0,3,2,1,0,0,3,0,0,0,2,5,2,10,5
2,0,1,3,2,4,3,4,6,5,5,1,0,0,3,2,7,0,0,9,0,1,0,2,5,9,7,2
4,0,1,4,0,7,3,5,6,0,5,1,0,1,0,2,8,0,0,2,1,1,1,1,5,1,21,8
4,0,1,4,2,2,3,5,6,2,5,7,0,0,3,2,0,1,0,2,0,1,0,2,5,0,12,11
5,1,1,1,2,0,3,3,7,2,5,1,0,0,3,2,8,1,0,3,0,0,0,2,5,10,7,2
4,3,1,1,2,6,3,5,6,4,5,1,0,0,3,2,8,1,0,2,2,1,4,2,5,4,17,6
3,0,1,4,1,4,3,2,6,2,2,7,0,1,1,2,1,1,2,2,1,1,0,1,2,0,3,8
3,0,1,1,2,3,3,0,6,2,5,1,0,2,0,2,8,0,0,2,3,2,5,3,5,3,7,0
5,3,0,1,0,7,3,5,6,1,5,7,0,3,2,4,8,0,0,2,1,0,0,2,5,0,15,6
5,2,1,3,2,3,3,0,5,2,5,7,0,0,3,2,8,0,0,3,0,0,0,2,5,3,13,1
4,2,1,2,2,3,3,5,6,2,5,1,0,0,3,2,2,1,0,2,2,1,4,1,3,1,8,1
4,4,0,3,2,5,3,3,7,3,5,0,0,0,3,2,8,0,0,2,3,2,5,3,5,0,13,4
4,0,1,4,1,4,0,1,9,2,5,1,0,2,0,2,8,1,0,2,2,1,4,2,5,10,21,3
5,2,1,0,1,5,3,5,9,4,5,0,0,3,3,2,8,3,5,2,3,2,5,3,5,1,11,6
3,2,1,2,2,5,2,0,6,0,5,0,0,2,3,2,7,0,0,2,0,1,0,2,5,14,5,10
5,2,1,2,0,10,3,5,5,1,5,0,0,0,3,2,8,1,1,2,3,2,5,3,5,9,15,4
0,2,1,2,2,0,3,5,7,3,5,3,0,0,3,2,8,0,0,2,3,2,5,3,5,10,6,5
0,0,1,2,2,4,3,2,6,4,5,1,0,0,3,2,6,0,0,11,0,1,0,2,5,9,7,4
4,2,1,1,1,0,3,3,7,2,5,1,0,0,3,2,0,0,0,1,1,0,1,2,5,0,15,10
0,0,1,2,2,14,3,5,6,2,5,7,0,0,3,2,8,0,0,2,0,0,3,2,5,3,16,4
0,2,0,4,1,0,3,5,6,2,5,7,0,0,3,2,1,1,0,2,0,0,0,1,5,2,17,8
4,1,1,4,3,10,3,5,6,0,5,0,0,3,1,3,8,0,0,2,3,2,5,3,5,0,19,9
3,2,1,4,2,9,3,1,7,3,5,7,0,0,3,2,8,1,0,2,3,2,5,3,5,2,9,3
2,0,1,4,2,6,3,4,9,2,5,7,0,0,3,1,6,1,0,2,1,0,3,2,5,8,9,9
0,1,1,4,2,0,3,5,6,1,5,7,1,0,1,2,5,1,0,2,0,0,3,2,5,2,19,1
5,2,1,4,2,2,2,2,2,3,3,1,0,2,3,2,1,0,0,2,2,1,4,2,5,0,10,7
1,1,1,2,0,1,3,3,7,5,5,1,0,0,3,2,1,1,0,2,3,2,5,3,5,1,15,3
3,0,1,2,3,4,3,1,9,4,5,1,0,0,3,2,2,1,0,7,0,0,1,2,5,10,14,1
0,1,1,4,1,6,3,1,6,3,5,7,0,1,3,2,8,0,0,2,1,0,0,2,2,3,7,5
1,2,0,3,3,3,3,5,6,2,5,1,0,0,3,2,2,1,0,5,3,2,5,3,5,3,10,3
2,2,1,1,1,2,3,0,6,4,6,6,0,0,3,2,8,0,1,0,1,1,4,2,5,9,11,8
1,0,1,5,2,0,2,0,8,3,3,7,0,0,3,2,8,1,0,2,1,1,1,2,5,9,17,9
2,2,1,1,2,0,3,1,8,2,5,0,0,0,3,2,1,0,0,2,2,1,4,2,5,6,14,3
4,1,1,3,2,9,3,2,5,3,5,7,0,0,3,2,8,0,0,2,3,2,5,3,5,2,9,2
4,0,1,1,1,7,1,1,6,2,6,7,1,0,3,2,8,0,0,2,1,0,1,1,5,10,20,4
5,0,1,1,2,8,3,5,6,2,5,0,0,0,3,2,2,1,0,3,0,1,1,2,5,2,11,5
1,0,1,0,0,2,3,4,6,2,5,7,0,0,3,2,8,0,0,2,0,1,0,2,5,11,15,8
1,0,1,4,2,0,1,4,7,2,5,1,0,1,3,2,8,0,1,9,2,1,3,2,5,10,17,3
5,0,1,3,2,4,3,0,8,2,5,0,0,0,2,2,8,1,0,2,1,0,3,2,5,0,8,0
2,0,1,2,0,5,3,3,8,3,5,1,0,0,3,2,8,2,4,9,3,2,5,3,5,2,20,2
0,0,1,3,1,7,3,5,5,6,3,0,0,0,3,2,8,0,0,2,0,1,1,2,5,12,15,3
2,3,1,2,1,0,3,4,6,1,5,0,0,0,0,2,8,0,0,8,1,0,2,2,5,12,19,8
4,2,1,1,1,8,3,5,8,5,5,1,0,0,3,2,8,1,0,2,1,0,0,2,0,9,14,8
0,0,1,4,3,0,3,5,6,4,5,7,0,0,0,2,8,1,0,2,2,0,2,2,5,10,16,2
4,1,1,4,3,3,3,5,5,2,5,7,0,0,3,2,8,0,0,2,1,1,3,2,5,9,19,0
3,0,1,2,1,10,3,5,6,1,5,1,0,0,0,2,8,0,0,2,0,1,0,2,5,4,0,0
4,0,1,4,2,2,3,4,5,3,5,7,0,0,3,2,8,0,0,2,1,1,3,1,4,10,18,0
2,0,1,4,1,4,3,5,6,2,5,7,0,0,3,2,2,1,0,2,0,0,0,2,5,3,14,4
1,1,1,4,2,0,3,1,8,2,5,7,0,0,3,2,8,1,0,2,0,1,0,2,5,1,14,2
5,0,1,4,1,4,3,5,6,1,5,7,0,0,3,2,8,4,1,2,3,2,5,3,5,13,9,5
2,0,1,1,2,2,2,4,6,2,5,7,0,0,3,2,8,0,0,2,0,0,0,2,5,4,14,10
1,0,1,4,2,5,1,1,8,2,5,7,0,0,1,2,8,0,0,3,0,0,0,2,5,10,13,9
1,0,1,4,0,2,3,4,6,3,5,7,0,0,3,2,8,1,0,3,0,1,1,2,5,0,14,3
4,1,1,3,1,8,3,5,6,1,5,1,0,0,3,2,8,1,0,2,1,0,2,2,5,9,13,5
2,1,1,4,1,9,3,5,6,2,5,0,0,1,3,2,4,0,1,8,0,0,0,2,5,9,12,2
1,0,1,4,3,5,3,1,3,2,5,7,2,0,0,5,8,1,0,2,0,0,0,2,5,1,17,5
1,0,1,4,3,3,3,1,5,0,5,7,0,0,0,5,8,1,0,1,0,0,1,2,5,2,18,8
2,0,1,4,0,6,3,4,6,2,5,1,0,0,3,2,8,0,0,3,3,2,5,3,5,10,12,0
1,3,1,4,1,8,3,5,6,2,5,7,0,0,3,2,8,0,0,2,0,0,0,2,5,12,15,1
0,3,0,4,2,7,3,2,3,4,5,7,0,0,3,2,8,1,0,7,0,1,1,2,5,9,16,6
0,0,1,3,2,4,3,5,6,4,6,2,0,0,3,2,8,1,0,2,1,1,1,2,5,0,18,6
2,2,1,1,2,5,3,2,8,4,5,0,0,3,0,2,8,1,0,9,3,2,5,3,5,14,16,5
3,0,1,4,2,6,3,4,8,6,5,7,0,1,0,2,8,0,0,1,0,0,2,2,3,10,17,1
4,0,1,1,1,7,3,1,4,0,5,1,0,2,3,3,8,1,0,5,0,0,0,2,5,10,15,2
1,0,1,1,0,0,3,5,6,2,5,0,0,0,3,2,1,0,0,8,2,1,3,2,5,12,7,8
1,0,1,4,0,0,3,1,7,3,5,1,0,3,0,4,2,1,0,2,0,1,0,2,5,4,20,8
3,1,1,2,2,0,3,5,6,3,5,1,0,1,3,2,1,0,0,11,1,0,1,2,5,11,10,5
2,0,1,3,3,0,3,1,1,4,5,7,0,0,0,2,8,0,0,2,0,1,0,2,5,10,1,3
4,3,0,1,2,0,3,1,2,4,5,0,0,0,3,2,8,0,0,8,0,1,0,2,5,5,7,3
5,3,1,1,2,5,3,3,5,2,5,1,0,1,1,3,8,0,0,2,0,1,0,2,5,1,4,9
0,0,1,1,2,0,3,3,8,4,5,7,0,0,2,2,8,1,0,4,1,0,2,1,5,2,20,0
4,0,1,1,3,7,3,0,7,2,5,1,0,0,3,2,8,0,0,2,3,2,5,3,5,3,17,1
1,0,0,3,4,0,3,3,8,2,5,1,0,0,3,2,1,0,0,3,1,1,2,2,5,4,12,3
5,1,1,1,1,4,3,5,7,1,5,0,0,3,0,5,1,0,0,2,3,2,5,3,5,3,18,4
2,2,1,4,3,5,3,2,7,4,5,7,0,0,3,2,1,1,0,2,1,0,2,2,5,3,13,5
5,0,1,4,3,8,0,0,7,0,5,0,0,0,3,2,2,0,0,2,1,1,0,2,5,16,9,10
4,0,1,2,1,4,3,5,6,2,5,7,0,0,3,2,2,1,0,2,1,0,3,1,1,0,12,2
5,1,1,4,0,14,3,2,8,1,5,0,0,3,0,2,2,1,0,1,0,0,3,2,5,3,13,4
2,1,1,2,1,5,3,4,6,2,5,1,1,1,1,2,2,0,0,8,0,0,0,2,5,1,14,0
2,2,1,1,1,10,3,5,7,0,5,0,0,1,0,2,8,1,1,1,3,2,5,3,5,1,1,5
5,0,1,2,4,10,3,5,3,0,5,7,0,0,3,2,8,0,0,2,3,2,5,3,5,0,10,2
3,4,0,4,1,8,3,3,8,2,5,0,0,0,3,2,1,0,0,1,3,2,5,3,5,9,12,5
4,1,1,4,3,0,3,5,6,4,7,0,0,0,3,2,1,1,0,4,3,2,5,3,5,10,7,5
1,0,1,4,2,0,3,2,7,2,5,0,0,0,2,2,1,2,2,6,3,2,5,3,5,1,20,6
0,0,1,4,1,0,3,5,7,3,5,1,0,0,3,2,8,0,0,2,3,2,5,3,5,10,7,4
0,0,1,4,2,0,0,4,5,3,5,2,0,0,3,2,2,1,0,2,1,0,3,1,1,3,11,8
1,0,0,2,0,0,3,1,6,6,5,2,0,0,3,2,8,1,0,7,1,0,0,2,5,0,12,5
1,1,1,4,2,4,3,3,6,3,5,7,0,0,3,2,1,1,0,2,0,0,1,2,5,3,14,4
5,1,1,4,2,7,3,1,3,2,4,7,0,0,3,2,2,1,0,1,1,0,1,2,5,9,16,6
2,1,1,3,2,5,1,1,2,1,5,3,0,3,0,3,1,0,0,2,3,2,5,3,5,10,17,3
0,2,1,4,0,0,3,5,7,1,5,1,0,0,3,2,6,0,0,7,3,2,5,3,5,10,13,3
0,1,1,4,3,13,3,3,6,4,5,1,2,0,0,2,8,0,0,2,0,0,1,1,5,0,1,3
5,2,1,1,0,0,3,2,8,5,7,7,0,0,0,2,8,0,0,0,3,2,5,3,5,1,16,2
2,1,1,1,3,8,3,4,6,4,5,1,0,0,3,2,6,1,0,2,0,0,0,2,5,1,10,6
2,0,0,4,2,1,3,2,2,5,4,0,0,1,3,2,8,1,2,2,0,0,0,2,5,1,15,8
2,1,1,3,2,5,3,1,6,0,5,7,0,0,0,2,8,0,0,2,3,2,5,3,5,10,22,0
2,0,1,4,3,6,3,3,3,4,5,7,0,0,0,2,8,0,0,0,3,2,5,3,5,10,19,10
3,3,1,4,3,0,3,4,7,0,5,1,0,3,3,2,8,0,0,2,0,1,0,2,5,1,8,6
1,4,1,2,2,10,3,5,6,2,5,1,0,0,3,2,8,2,1,2,3,2,5,3,5,9,20,5
4,1,1,2,2,5,2,2,6,3,5,7,0,0,3,2,8,0,0,1,3,2,5,3,5,3,15,5
1,0,1,4,0,5,3,4,6,2,5,1,0,0,3,2,8,0,0,3,2,1,4,2,5,10,14,0
6,0,1,4,1,6,3,5,1,2,5,3,0,0,3,6,1,1,0,2,0,0,0,2,5,14,13,10
0,2,1,3,0,0,3,5,6,2,5,1,0,3,0,2,8,0,0,2,3,2,5,3,5,12,18,7
3,0,1,4,1,4,3,5,6,0,5,3,0,0,0,2,8,0,0,3,0,1,1,2,5,1,16,6
6,0,0,4,0,0,3,3,9,3,5,7,0,3,0,3,6,1,0,2,3,2,5,3,5,1,16,0
4,0,1,4,3,4,3,0,2,4,4,0,0,0,3,2,8,2,3,2,0,0,1,2,5,0,18,7
1,1,1,4,2,8,3,4,7,4,5,7,0,3,0,2,2,1,0,2,0,1,0,1,5,6,20,2
4,0,1,2,1,8,3,3,4,2,3,1,0,0,3,2,8,0,0,2,3,2,5,3,5,2,13,8
5,0,1,3,2,7,3,4,6,2,5,7,0,0,3,2,8,2,1,2,0,1,1,2,5,1,7,4
4,1,1,4,1,5,3,4,6,2,5,0,0,0,3,2,8,0,0,2,1,0,1,2,5,0,5,1
0,0,1,4,1,9,3,5,7,2,5,7,0,0,3,2,8,0,0,2,3,2,5,3,5,12,15,7
2,3,1,3,2,0,1,2,2,4,5,1,0,0,3,2,2,1,1,2,3,2,5,3,5,0,13,1
1,4,0,3,2,0,2,1,7,2,5,0,0,0,0,2,1,0,0,2,0,1,1,2,4,12,23,2
5,2,1,3,0,10,3,5,6,1,5,1,0,0,3,2,8,0,0,2,2,1,4,2,5,9,15,4
3,2,1,4,2,0,3,0,5,2,5,0,0,0,2,2,6,1,0,2,0,1,0,2,5,1,18,6
2,0,1,4,1,4,1,5,3,0,5,0,1,0,1,2,4,0,0,2,0,0,1,2,5,1,1,0
5,1,1,4,2,5,3,5,7,3,5,7,0,0,3,2,8,0,0,4,3,2,5,3,5,16,13,8
1,0,1,3,2,0,3,5,6,5,5,1,0,0,3,2,6,1,0,2,0,0,4,2,5,0,16,4
6,2,1,4,1,5,3,0,6,0,1,0,0,1,1,2,2,0,0,2,1,0,0,1,5,13,16,8
5,0,1,1,2,3,3,1,9,0,5,2,0,0,3,2,8,1,0,2,2,1,4,2,5,10,18,1
3,3,1,4,2,8,3,1,6,2,5,0,1,0,3,2,2,1,0,4,0,0,0,2,5,11,15,9
4,0,1,3,3,6,0,5,8,2,5,7,0,2,3,2,8,1,0,2,0,1,0,2,5,0,15,7
3,1,1,4,0,0,3,1,6,2,5,7,0,0,3,2,8,0,1,2,0,0,0,1,5,0,12,10
0,2,0,4,1,0,1,5,7,2,5,1,0,1,0,2,8,1,0,2,3,2,5,3,5,10,17,8
2,0,1,1,2,2,2,4,6,2,5,7,0,0,3,2,8,0,0,2,0,0,0,2,5,4,14,10
3,0,1,1,0,4,3,5,7,1,5,1,0,0,3,2,8,0,0,2,2,1,4,2,5,16,15,6
3,2,1,4,2,5,3,4,6,4,5,7,0,0,3,2,1,1,0,2,0,0,1,2,5,0,11,5
2,1,0,3,1,5,3,1,8,4,5,1,0,2,0,2,8,1,0,3,0,1,0,2,5,9,2,4
5,0,1,2,1,0,1,5,6,0,5,7,0,0,3,2,4,0,0,0,0,0,1,2,5,7,18,10
0,2,1,2,3,11,1,4,9,3,5,7,0,0,3,2,7,1,0,2,3,2,5,3,5,10,16,4
6,1,1,3,1,0,3,5,8,3,5,0,0,0,3,2,8,1,0,2,2,1,4,2,1,0,6,4
1,1,1,4,0,0,3,1,8,4,5,7,0,1,0,3,8,0,0,5,3,2,5,3,5,0,17,9
1,0,1,4,2,0,3,5,5,4,5,7,0,1,1,2,1,0,0,2,0,0,1,2,5,1,19,2
2,0,1,4,1,14,3,3,7,3,5,7,0,0,3,4,8,1,1,2,3,2,5,3,5,10,17,1
0,1,1,4,0,0,1,2,2,2,5,7,0,1,3,3,8,0,0,2,0,0,1,2,5,10,18,11
1,0,1,4,2,6,3,5,6,3,5,5,0,0,1,2,8,0,1,2,0,1,0,2,5,0,3,11
2,3,1,4,3,6,3,3,4,5,5,1,0,3,3,2,2,1,0,1,1,1,3,2,5,10,11,0
0,0,1,4,4,6,2,5,6,3,5,7,0,0,3,2,8,1,0,2,1,0,3,1,5,9,10,1
4,1,1,4,2,5,3,3,4,6,5,7,0,1,1,2,8,1,0,2,3,2,5,3,5,10,21,1
1,0,1,4,0,0,3,0,9,4,3,7,0,0,1,2,3,1,0,2,0,1,0,2,5,6,12,6
0,0,1,4,1,6,3,3,9,6,7,0,0,0,1,2,7,1,0,2,2,0,0,1,5,13,2,0
5,0,1,3,0,7,3,5,6,4,5,1,0,3,3,2,1,0,0,2,2,1,4,2,5,18,7,6
5,1,1,4,2,4,3,1,11,5,5,1,0,3,0,3,8,1,0,2,3,2,5,3,5,0,5,10
2,1,1,3,1,5,3,2,3,5,5,0,0,3,2,3,6,0,0,2,0,0,1,2,5,2,17,0
0,0,1,4,2,8,3,5,6,4,5,1,0,1,3,2,8,0,0,2,0,1,2,2,5,9,11,10
4,1,1,4,0,15,3,3,6,2,5,0,0,1,1,2,6,0,0,2,3,2,5,3,5,10,20,0
1,0,0,4,2,13,3,0,4,5,5,7,0,0,2,2,2,1,2,2,0,0,0,2,5,3,12,9
2,1,1,4,1,14,3,2,6,2,5,1,0,0,3,2,1,0,0,5,1,1,4,2,5,5,13,7
0,0,1,4,2,6,3,4,7,2,5,7,0,0,3,1,8,1,0,2,3,2,5,3,5,10,17,8
3,0,1,4,2,0,0,4,9,4,5,1,0,0,0,2,8,0,0,1,0,1,0,2,5,1,18,1
2,1,1,4,1,11,3,5,8,2,5,7,0,0,0,2,8,0,0,8,0,1,1,2,5,0,17,11
4,0,0,3,2,0,3,5,4,2,5,7,0,0,3,2,8,0,0,2,1,1,0,2,5,1,6,6
3,0,1,4,2,9,3,0,9,4,3,7,0,1,1,3,8,0,0,1,3,2,5,3,5,1,20,8
5,0,1,2,2,3,3,2,7,3,5,0,0,0,3,2,8,1,0,2,2,1,4,2,5,11,18,3
4,0,1,3,2,0,0,2,7,2,5,7,0,0,2,7,8,1,1,2,0,1,1,2,5,11,20,0
0,1,1,1,1,4,3,5,6,2,3,1,0,0,3,2,8,0,0,2,0,0,0,2,5,9,10,10
2,0,1,5,1,8,3,5,8,2,5,0,0,0,3,2,8,1,0,2,0,1,1,1,5,16,10,9
2,0,1,4,0,5,3,4,6,2,5,1,0,0,3,2,8,0,0,3,3,2,5,3,5,10,13,0
0,1,0,4,1,3,3,5,6,3,5,1,0,0,3,2,8,1,0,2,0,1,3,2,5,10,14,0
2,0,1,0,1,14,2,2,6,3,5,0,0,0,3,2,8,1,0,1,0,1,1,2,5,3,13,2
0,0,1,2,2,0,3,5,6,4,5,1,0,0,2,2,8,0,0,3,1,0,0,2,5,9,17,9
0,0,1,4,1,5,3,3,7,1,3,7,0,0,0,2,2,0,0,3,1,1,2,2,5,0,22,8
2,1,1,4,1,0,3,3,6,2,3,7,0,0,1,2,2,1,1,2,0,0,0,1,5,16,20,3
0,0,1,2,2,14,3,5,4,2,5,7,0,0,3,2,6,0,0,2,0,1,4,2,5,3,18,3
0,0,1,4,2,7,3,5,5,5,3,1,0,0,3,2,8,0,0,2,0,0,0,2,5,12,14,2
0,0,0,4,4,0,3,3,9,2,5,1,0,0,2,2,2,1,0,3,0,1,0,2,5,4,11,3
2,2,1,4,2,8,3,1,8,1,5,1,0,0,3,2,8,0,0,2,0,0,0,2,5,1,15,5
5,3,1,4,0,7,3,5,7,2,5,7,0,0,3,2,2,1,1,2,1,0,0,2,2,8,12,9
4,0,1,4,1,6,3,5,6,0,5,1,0,1,0,2,8,0,0,2,1,1,2,1,5,1,18,7
3,1,1,4,2,7,1,5,3,2,5,0,1,0,0,2,1,0,0,2,3,2,5,3,5,4,22,4
1,1,1,4,1,5,3,2,1,6,5,0,0,2,2,3,5,0,0,2,0,0,1,2,5,2,17,0
4,1,1,2,2,7,1,3,9,1,5,1,0,0,3,2,2,1,0,2,0,1,2,2,5,0,9,4
4,2,1,1,1,0,3,5,5,2,5,7,0,0,1,5,8,1,0,2,3,2,5,3,5,10,19,0
2,1,1,2,1,5,3,0,6,5,5,5,0,0,3,2,8,0,1,2,0,0,3,1,5,9,12,7
4,1,0,1,2,5,3,5,9,5,5,7,0,0,0,2,8,0,0,2,0,1,4,2,5,3,20,10
1,0,1,1,3,5,3,1,8,1,5,7,0,2,3,2,8,1,0,3,3,2,5,3,5,11,10,2
0,0,1,3,4,7,3,4,6,3,5,7,0,0,3,2,8,1,0,2,1,0,3,2,5,10,10,1
3,0,1,2,4,9,3,0,6,2,5,7,0,0,3,2,5,1,0,2,3,2,5,3,5,10,9,2
3,4,0,3,1,6,3,4,6,4,5,1,0,0,0,2,8,0,0,2,1,1,3,1,5,9,1,9
2,1,1,1,2,7,3,4,8,6,5,7,0,3,0,3,8,0,0,2,3,2,5,3,5,10,19,0
1,0,1,4,3,4,3,3,7,4,5,6,0,0,3,2,8,0,0,2,0,0,0,2,5,0,7,9
3,1,0,4,2,10,1,1,10,3,4,7,0,0,1,2,6,1,1,2,3,2,5,3,5,11,20,3
0,0,1,4,1,0,3,4,3,1,5,7,1,0,1,2,8,2,0,2,3,2,5,3,5,9,9,1
5,1,1,4,2,6,2,1,6,1,5,0,3,0,3,7,1,0,0,3,3,2,5,3,5,9,7,9
3,0,1,3,0,0,3,4,2,3,5,7,0,0,2,2,8,0,1,2,0,1,0,2,5,11,20,4
1,2,1,4,1,0,3,2,4,1,5,1,0,0,3,2,8,0,0,2,2,1,3,2,5,10,11,3
3,1,1,0,0,5,3,4,9,2,5,2,0,2,0,3,7,0,0,2,3,2,5,3,5,13,1,1
5,1,1,4,1,9,3,5,6,3,5,2,0,0,3,2,8,0,0,2,0,1,0,2,5,0,11,9
5,1,1,1,0,0,3,2,9,5,7,7,0,0,0,2,8,0,0,0,3,2,5,3,5,1,16,2
0,2,1,4,2,0,3,2,6,3,5,7,2,0,3,2,8,1,0,2,0,1,3,1,5,1,16,2
4,0,1,4,0,6,3,5,7,5,5,1,0,3,3,2,2,0,0,2,3,2,5,3,5,18,8,6
0,1,1,4,3,0,3,5,5,4,5,1,0,0,3,2,7,0,0,3,0,0,0,2,5,9,14,6
5,1,0,4,3,14,3,4,7,3,5,1,1,0,3,2,1,0,0,2,0,1,0,2,5,11,15,10
3,3,1,3,2,0,0,1,1,4,5,1,0,0,3,2,1,1,1,2,3,2,5,3,5,0,12,0
4,0,1,1,1,4,3,0,6,2,5,1,0,2,0,2,8,0,0,2,3,2,5,3,5,2,7,0
1,1,1,4,3,8,3,5,6,4,5,0,0,0,0,2,8,1,0,1,0,0,0,2,5,12,19,7
4,0,1,3,1,6,1,2,8,2,5,1,0,0,3,2,3,1,0,2,0,0,0,2,5,11,8,1
3,0,1,1,3,15,0,2,3,2,5,1,0,0,3,2,8,1,0,1,0,1,0,2,5,2,14,2
3,2,1,4,3,3,1,0,6,2,5,7,3,2,3,3,0,0,0,2,0,1,1,2,5,2,16,1
1,3,0,1,3,4,3,5,6,2,5,7,0,0,0,2,8,0,0,2,1,1,3,2,5,11,18,0
0,0,1,3,2,0,3,4,6,2,5,7,0,0,3,2,8,1,0,2,0,0,2,1,5,3,18,2
4,1,1,4,3,0,3,5,6,4,7,0,0,0,3,2,1,1,0,4,3,2,5,3,5,10,7,5
4,1,1,2,1,5,3,5,6,2,5,7,0,0,3,2,2,1,0,2,1,0,3,1,2,0,11,2
5,1,1,4,2,0,1,2,9,4,5,1,0,0,0,2,8,0,0,2,0,1,1,2,4,1,18,1
4,0,1,3,4,5,3,2,7,2,5,7,0,3,2,2,8,1,0,2,2,1,4,2,5,0,20,6
1,0,1,1,2,7,3,2,7,6,5,0,0,0,3,2,6,0,0,2,0,1,0,2,4,7,7,9
2,0,1,1,1,5,3,4,4,1,5,0,0,0,3,2,8,1,0,2,0,0,0,2,5,2,12,4
5,0,1,1,3,8,3,3,7,6,5,7,0,3,3,2,0,0,0,2,0,1,1,2,5,13,8,3
4,1,1,1,0,4,3,1,3,4,4,0,0,1,3,2,1,0,0,2,2,0,3,2,5,0,12,7
5,1,1,2,1,5,3,5,7,2,5,0,0,3,3,2,8,3,5,2,2,1,1,2,5,3,11,6
5,1,1,1,1,5,3,5,5,2,5,7,0,2,3,2,6,1,0,2,3,2,5,3,5,12,10,3
4,1,1,2,2,1,1,2,7,2,5,0,0,0,1,2,8,1,0,3,0,0,3,1,5,10,20,3
3,0,1,0,2,6,3,1,3,2,5,1,0,2,0,2,1,0,1,1,3,2,5,3,5,2,4,0
1,0,1,2,1,14,3,3,7,3,5,0,0,0,3,2,8,0,0,2,0,1,1,2,5,3,11,4
0,0,1,2,2,5,3,4,8,4,5,0,0,1,3,2,7,0,0,2,0,1,0,1,5,8,8,6
0,2,0,4,3,0,3,5,1,3,5,1,0,0,0,2,8,2,0,2,3,2,5,3,5,1,3,6
4,2,1,4,0,2,3,5,6,2,3,7,0,0,1,2,1,0,0,4,0,0,0,1,3,16,18,4
1,0,1,4,3,0,3,3,3,2,3,6,0,0,3,2,1,3,0,2,3,2,5,3,5,2,11,0
5,1,1,2,1,5,3,5,8,3,5,0,0,3,3,2,8,3,5,2,2,1,2,2,5,2,11,6
2,0,1,4,0,3,0,4,6,4,5,6,0,0,3,2,0,0,0,2,2,1,4,2,4,4,13,8
4,1,1,4,1,2,3,4,6,4,5,0,0,3,0,3,0,1,1,2,3,2,5,3,5,11,21,3
1,1,1,3,1,0,3,4,7,4,6,6,0,0,3,5,8,2,2,2,0,0,2,2,5,17,14,1
1,2,0,4,1,7,3,2,5,2,6,1,2,2,0,3,2,0,0,6,0,0,0,2,5,3,16,0
4,2,1,4,0,0,3,5,8,1,5,4,1,0,3,2,8,1,0,1,1,0,0,2,5,13,15,9
2,0,1,4,1,0,0,0,7,6,4,7,0,0,0,2,8,0,0,2,0,0,0,2,5,9,23,4
1,1,1,2,1,10,3,5,6,2,5,1,0,0,3,2,8,1,2,2,1,1,1,2,5,10,20,1
2,1,0,4,1,0,3,1,5,1,5,5,0,0,3,2,8,0,0,3,3,2,5,3,5,6,13,10
2,1,1,4,2,0,3,5,6,5,5,1,0,0,3,2,6,0,0,2,1,0,4,2,5,0,14,4
1,0,1,4,3,9,3,5,7,6,5,1,0,0,3,2,8,1,0,2,0,1,0,1,5,1,11,8
4,2,1,4,0,0,3,1,2,3,5,0,0,0,3,2,8,0,0,2,0,1,1,2,5,15,10,3
4,0,1,4,4,6,3,5,6,2,5,1,0,0,3,2,1,0,0,1,1,0,3,2,1,9,17,6
1,0,1,4,1,0,3,5,6,2,6,1,0,0,3,2,1,0,0,2,3,2,5,3,5,9,15,4
4,2,1,2,1,7,3,4,6,2,5,0,0,0,1,2,1,0,2,2,3,2,5,3,5,10,23,7
2,0,1,1,2,10,3,0,4,4,5,0,0,0,3,2,8,1,0,2,0,0,0,2,4,16,17,5
1,2,0,1,2,5,0,3,8,5,5,7,0,0,2,2,1,0,2,2,3,2,5,3,5,1,13,9
0,0,1,3,1,0,3,4,7,4,5,1,0,2,0,4,8,0,0,2,0,1,3,2,5,1,20,0
0,3,1,4,3,0,3,1,9,4,3,0,0,0,3,2,8,1,0,6,0,1,0,2,5,16,15,6
4,3,0,4,1,11,3,0,9,5,2,0,0,2,3,2,8,0,0,1,0,0,4,2,5,15,19,3
4,0,1,4,2,0,3,5,6,4,5,7,0,0,3,2,8,1,0,2,3,2,5,3,5,7,7,6
4,1,1,4,1,5,3,5,6,4,5,1,0,3,3,2,3,1,0,2,0,0,2,2,5,0,7,9
4,0,1,2,2,1,3,5,7,2,5,0,0,0,3,2,8,0,0,2,3,2,5,3,5,14,15,5